drop_lat,drop_long,pickups
40.762,-73.979,10320
40.756,-73.973,6293
40.759,-73.989,6211
40.758,-73.989,6083
40.75,-73.991,5849
40.757,-73.972,5783
40.763,-73.982,5287
40.752,-73.977,4949
40.764,-73.981,4604
40.765,-73.975,4378
40.755,-73.973,4344
40.756,-73.972,4187
40.765,-73.981,4185
40.759,-73.986,4167
40.761,-73.985,4032
40.768,-73.985,3979
40.758,-73.986,3934
40.756,-73.982,3882
40.757,-73.984,3820
40.757,-73.993,3792
40.759,-73.996,3604
40.76,-73.986,3584
40.769,-73.985,3538
40.749,-73.992,3462
40.75,-73.986,3383
40.756,-73.983,3274
40.757,-73.974,3268
40.763,-73.981,3237
40.761,-73.987,3176
40.76,-73.985,3121
40.759,-73.985,3107
40.752,-73.976,3082
40.764,-73.979,3015
40.765,-73.978,2975
40.746,-73.988,2972
40.762,-73.982,2911
40.758,-73.984,2806
40.761,-73.986,2690
40.756,-73.992,2686
40.756,-73.974,2642
40.758,-73.975,2624
40.752,-73.986,2617
40.756,-73.993,2589
40.752,-73.993,2581
40.763,-73.979,2467
40.759,-73.984,2447
40.759,-73.987,2445
40.746,-73.994,2423
40.75,-73.981,2414
40.763,-73.984,2413
40.75,-73.974,2411
40.764,-73.983,2407
40.756,-73.975,2391
40.751,-73.976,2385
40.762,-73.983,2379
40.757,-73.982,2350
40.757,-73.983,2331
40.762,-73.985,2321
40.744,-73.984,2317
40.756,-73.971,2305
40.762,-73.978,2285
40.751,-73.975,2280
40.751,-73.985,2269
40.747,-73.99,2261
40.757,-73.985,2226
40.751,-73.974,2190
40.765,-73.98,2159
40.748,-73.988,2100
40.75,-73.992,2100
40.749,-73.976,2089
40.765,-73.983,2062
40.769,-73.987,2017
40.764,-73.982,2013
40.72,-74.0,2003
40.76,-73.984,1982
40.765,-73.982,1967
40.758,-73.985,1948
40.764,-73.98,1946
40.757,-73.97,1941
40.754,-73.977,1922
40.753,-73.993,1878
40.755,-73.974,1871
40.751,-73.986,1868
40.749,-73.977,1858
40.75,-73.987,1839
40.757,-73.99,1802
40.744,-73.986,1797
40.719,-74.0,1782
40.762,-73.986,1770
40.758,-73.974,1765
40.746,-73.984,1756
40.765,-73.979,1718
40.763,-73.983,1718
40.75,-73.978,1706
40.759,-73.988,1705
40.756,-73.969,1697
40.747,-73.987,1695
40.759,-73.975,1670
40.751,-73.991,1666
40.756,-73.989,1666
40.752,-73.985,1654
40.756,-73.991,1646
40.782,-73.98,1643
40.76,-73.988,1630
40.737,-73.989,1630
40.759,-73.99,1626
40.767,-73.978,1625
40.747,-73.991,1599
40.75,-73.979,1592
40.757,-73.975,1575
40.746,-73.985,1570
40.745,-73.989,1568
40.75,-73.975,1567
40.755,-73.972,1566
40.761,-73.984,1566
40.751,-73.97,1550
40.759,-73.983,1550
40.772,-73.983,1504
40.76,-73.987,1498
40.757,-73.973,1493
40.753,-73.986,1476
40.758,-73.988,1473
40.75,-73.983,1468
40.763,-73.986,1459
40.75,-73.972,1420
40.748,-73.978,1406
40.753,-73.975,1389
40.764,-73.977,1377
40.762,-73.988,1360
40.757,-73.988,1353
40.765,-73.984,1343
40.761,-73.969,1339
40.728,-73.991,1334
40.749,-73.98,1334
40.749,-73.978,1331
40.765,-73.976,1324
40.762,-73.98,1310
40.763,-73.985,1297
40.745,-73.985,1289
40.766,-73.978,1281
40.757,-73.989,1277
40.763,-73.978,1268
40.733,-73.99,1266
40.754,-73.976,1265
40.747,-73.986,1262
40.767,-73.979,1244
40.758,-73.987,1229
40.76,-73.996,1228
40.761,-73.999,1219
40.764,-73.978,1211
40.745,-73.976,1204
40.748,-73.989,1202
40.747,-73.992,1202
40.726,-73.992,1181
40.749,-73.984,1175
40.755,-73.982,1174
40.781,-73.981,1160
40.753,-73.974,1147
40.764,-73.969,1136
40.762,-73.975,1136
40.746,-73.979,1134
40.757,-73.971,1134
40.747,-73.985,1134
40.76,-73.978,1131
40.755,-73.977,1127
40.756,-73.981,1115
40.739,-73.985,1114
40.76,-73.983,1110
40.746,-73.977,1105
40.722,-73.989,1096
40.72,-73.988,1091
40.745,-73.994,1082
40.744,-73.985,1077
40.771,-73.981,1069
40.753,-73.973,1069
40.753,-73.981,1063
40.751,-73.977,1060
40.757,-73.992,1055
40.748,-73.987,1054
40.783,-73.981,1050
40.761,-73.979,1047
40.763,-73.98,1045
40.751,-73.987,1035
40.752,-73.975,1032
40.756,-73.99,1031
40.722,-73.987,1030
40.783,-73.974,1029
40.757,-73.986,1027
40.764,-73.992,1023
40.747,-73.976,1020
40.755,-73.993,1016
40.761,-73.97,1009
40.755,-73.971,997
40.755,-73.984,992
40.744,-73.983,991
40.718,-73.986,988
40.761,-73.958,985
40.732,-73.999,985
40.751,-73.972,984
40.765,-73.977,977
40.747,-73.982,971
40.764,-73.996,971
40.754,-73.972,966
40.769,-73.988,964
40.754,-73.992,957
40.761,-73.98,950
40.748,-73.977,949
40.75,-73.98,946
40.783,-73.978,942
40.754,-73.995,938
40.752,-73.98,938
40.748,-73.992,936
40.754,-73.978,933
40.766,-73.976,928
40.783,-73.979,923
40.75,-73.977,923
40.752,-73.994,916
40.749,-73.975,909
40.745,-73.995,907
40.749,-73.974,902
40.764,-73.974,901
40.738,-73.981,901
40.755,-73.975,898
40.753,-73.985,897
40.793,-73.973,895
40.758,-73.99,892
40.756,-73.985,892
40.755,-73.991,890
40.756,-73.984,888
40.753,-73.984,886
40.758,-73.983,880
40.755,-73.978,877
40.771,-73.982,876
40.748,-73.975,872
40.782,-73.976,871
40.754,-73.986,870
40.751,-73.984,868
40.754,-73.993,858
40.752,-73.995,856
40.766,-73.983,854
40.721,-73.995,852
40.772,-73.982,851
40.756,-73.986,850
40.782,-73.981,845
40.743,-73.992,844
40.739,-73.983,836
40.744,-73.993,834
40.762,-73.981,834
40.748,-73.99,829
40.758,-73.976,826
40.758,-73.982,825
40.77,-73.984,821
40.752,-73.974,813
40.766,-73.954,812
40.764,-73.985,810
40.757,-73.987,810
40.749,-73.991,802
40.757,-73.969,800
40.749,-73.988,799
40.754,-73.994,799
40.756,-73.97,795
40.745,-73.992,795
40.762,-73.984,791
40.775,-73.963,784
40.733,-73.996,784
40.72,-73.995,782
40.781,-73.952,781
40.739,-73.98,779
40.743,-73.983,777
40.744,-73.981,776
40.731,-73.992,776
40.755,-73.981,776
40.762,-73.971,771
40.779,-73.945,770
40.783,-73.948,768
40.748,-73.985,762
40.745,-73.993,760
40.748,-73.976,755
40.799,-73.969,753
40.739,-73.982,753
40.762,-73.972,750
40.748,-73.981,750
40.759,-73.994,746
40.767,-73.956,744
40.793,-73.972,739
40.751,-73.971,733
40.741,-73.979,733
40.767,-73.984,732
40.75,-73.97,731
40.761,-73.983,729
40.765,-73.968,728
40.778,-73.946,728
40.717,-73.995,726
40.765,-73.971,724
40.774,-73.964,722
40.745,-73.986,722
40.796,-73.972,721
40.76,-73.958,719
40.765,-73.969,717
40.749,-73.979,714
40.744,-73.987,714
40.72,-73.999,712
40.784,-73.948,712
40.765,-73.974,711
40.76,-73.995,709
40.764,-73.995,701
40.736,-73.997,701
40.748,-73.973,698
40.781,-73.946,696
40.742,-73.985,695
40.745,-73.991,693
40.746,-73.978,691
40.752,-73.982,690
40.752,-73.979,690
40.772,-73.95,685
40.746,-73.98,683
40.761,-73.971,682
40.766,-73.98,681
40.762,-73.976,680
40.747,-73.979,678
40.746,-73.991,677
40.759,-73.991,677
40.734,-73.99,676
40.747,-73.975,676
40.769,-73.982,675
40.776,-73.947,673
40.745,-73.977,673
40.77,-73.951,670
40.775,-73.964,665
40.769,-73.983,665
40.769,-73.981,663
40.754,-73.985,662
40.755,-73.992,660
40.759,-73.976,660
40.764,-73.984,657
40.74,-73.982,655
40.735,-73.985,654
40.763,-73.976,651
40.735,-73.983,651
40.752,-73.981,645
40.744,-73.989,644
40.756,-73.997,644
40.75,-73.982,643
40.755,-73.983,639
40.774,-73.963,636
40.762,-73.96,635
40.754,-73.971,635
40.761,-73.982,635
40.749,-73.973,634
40.78,-73.946,634
40.744,-73.992,632
40.753,-73.97,631
40.745,-73.984,631
40.733,-73.997,628
40.785,-73.949,626
40.743,-73.991,626
40.745,-73.987,626
40.775,-73.984,623
40.765,-73.973,613
40.761,-74.0,610
40.744,-73.999,610
40.757,-73.998,607
40.742,-73.983,607
40.765,-73.972,607
40.752,-73.973,603
40.747,-73.981,601
40.799,-73.967,601
40.752,-73.978,600
40.736,-73.989,600
40.749,-73.987,599
40.755,-73.986,598
40.793,-73.967,598
40.758,-73.973,598
40.768,-73.983,597
40.762,-73.974,596
40.731,-73.986,596
40.746,-73.974,595
40.744,-73.995,595
40.755,-73.995,594
40.747,-73.98,590
40.775,-73.948,590
40.767,-73.954,588
40.753,-73.971,587
40.75,-73.985,587
40.75,-73.984,586
40.754,-73.975,586
40.744,-73.996,586
40.736,-73.996,586
40.782,-73.982,586
40.725,-73.994,585
40.747,-73.974,583
40.743,-73.993,583
40.756,-73.98,579
40.742,-73.997,577
40.763,-73.963,577
40.748,-73.982,576
40.763,-73.977,575
40.766,-73.969,575
40.761,-73.988,574
40.748,-73.974,573
40.758,-73.963,573
40.809,-73.952,569
40.774,-73.949,568
40.767,-73.983,566
40.779,-73.948,565
40.767,-73.985,565
40.741,-73.984,562
40.759,-73.974,562
40.752,-73.97,559
40.748,-73.991,559
40.749,-73.995,556
40.766,-73.977,555
40.732,-73.985,554
40.766,-73.982,554
40.759,-73.995,553
40.78,-73.947,549
40.759,-73.965,549
40.753,-73.967,549
40.744,-73.98,549
40.753,-73.972,548
40.747,-73.988,548
40.742,-73.978,548
40.75,-73.976,548
40.737,-73.981,547
40.773,-73.955,547
40.762,-73.977,546
40.739,-73.987,545
40.737,-73.993,545
40.743,-73.982,544
40.778,-73.952,543
40.757,-73.981,543
40.763,-73.962,543
40.748,-73.986,542
40.762,-73.987,542
40.766,-73.979,542
40.789,-73.975,540
40.746,-73.972,540
40.76,-73.973,538
40.746,-73.983,538
40.751,-73.98,537
40.755,-73.976,535
40.755,-73.985,535
40.746,-73.989,534
40.756,-73.994,533
40.757,-73.976,533
40.752,-73.99,533
40.756,-73.988,532
40.768,-73.956,532
40.78,-73.982,532
40.745,-73.983,531
40.761,-73.974,530
40.723,-73.989,529
40.753,-73.979,529
40.771,-73.983,528
40.744,-73.991,526
40.751,-73.99,525
40.761,-73.998,525
40.747,-73.977,523
40.764,-73.994,522
40.743,-73.984,521
40.743,-73.996,521
40.743,-73.986,519
40.775,-73.954,519
40.764,-73.976,518
40.728,-73.985,516
40.773,-73.949,516
40.733,-73.991,516
40.75,-73.973,515
40.75,-73.969,513
40.774,-73.981,512
40.744,-73.988,510
40.738,-73.985,508
40.742,-73.982,507
40.754,-73.973,506
40.777,-73.989,506
40.776,-73.978,506
40.754,-73.974,505
40.737,-73.982,505
40.723,-73.998,504
40.739,-73.999,502
40.759,-73.977,502
40.749,-73.994,499
40.774,-73.989,499
40.749,-73.972,497
40.765,-73.964,497
40.76,-73.976,496
40.774,-73.982,496
40.761,-73.964,496
40.745,-73.982,495
40.785,-73.948,495
40.772,-73.956,494
40.74,-73.999,494
40.758,-73.965,490
40.768,-73.992,490
40.728,-73.988,489
40.733,-73.98,488
40.756,-73.998,488
40.778,-73.989,488
40.74,-73.984,487
40.748,-73.971,487
40.734,-73.981,486
40.777,-73.952,484
40.751,-73.981,481
40.741,-73.989,480
40.735,-73.989,479
40.732,-73.996,478
40.745,-73.999,477
40.756,-73.968,477
40.774,-73.983,474
40.746,-73.976,474
40.746,-73.986,473
40.796,-73.973,473
40.764,-73.963,473
40.745,-73.981,473
40.725,-73.992,472
40.73,-73.987,471
40.78,-73.984,469
40.761,-73.978,469
40.76,-73.991,466
40.756,-73.987,466
40.771,-73.957,465
40.765,-73.961,463
40.754,-73.987,462
40.785,-73.956,462
40.759,-73.981,462
40.76,-73.967,460
40.782,-73.949,460
40.762,-73.95,459
40.776,-73.956,458
40.757,-73.967,458
40.753,-73.994,457
40.73,-73.981,457
40.758,-73.992,455
40.776,-73.948,454
40.735,-73.986,454
40.768,-73.987,454
40.745,-73.978,453
40.76,-73.974,453
40.798,-73.96,452
40.732,-73.997,452
40.723,-73.983,452
40.72,-73.994,450
40.766,-73.963,450
40.735,-73.98,450
40.782,-73.979,450
40.764,-73.959,448
40.76,-73.975,448
40.768,-73.962,447
40.777,-73.979,447
40.794,-73.974,446
40.776,-73.953,446
40.775,-73.951,446
40.748,-73.979,446
40.784,-73.947,445
40.779,-73.953,445
40.733,-73.976,442
40.747,-73.972,442
40.785,-73.954,442
40.76,-73.981,440
40.789,-73.976,440
40.734,-73.978,439
40.74,-73.979,439
40.755,-73.965,439
40.761,-73.973,438
40.719,-73.99,438
40.748,-73.993,438
40.743,-74.0,438
40.78,-73.95,438
40.757,-73.994,437
40.722,-73.984,437
40.766,-73.952,437
40.725,-73.998,437
40.786,-73.951,436
40.732,-73.994,436
40.766,-73.955,434
40.768,-73.986,432
40.734,-73.995,431
40.755,-73.98,430
40.727,-73.989,430
40.752,-73.972,429
40.777,-73.946,429
40.723,-73.991,428
40.768,-73.982,428
40.793,-73.975,427
40.786,-73.95,427
40.756,-73.976,426
40.758,-73.993,425
40.757,-73.964,425
40.761,-73.975,424
40.768,-73.959,423
40.77,-73.961,422
40.729,-73.987,421
40.766,-73.957,420
40.724,-73.985,420
40.738,-73.986,420
40.746,-73.992,420
40.78,-73.955,419
40.74,-73.998,418
40.765,-73.996,418
40.727,-73.986,418
40.776,-73.976,418
40.749,-73.985,417
40.736,-73.982,417
40.732,-73.99,416
40.744,-73.979,416
40.723,-73.99,416
40.733,-73.985,416
40.777,-73.955,415
40.78,-73.954,415
40.727,-74.0,414
40.779,-73.978,414
40.737,-73.974,414
40.759,-73.969,414
40.792,-73.964,413
40.786,-73.972,413
40.763,-73.987,412
40.754,-73.968,412
40.743,-73.977,412
40.761,-73.981,411
40.714,-73.994,411
40.75,-73.994,411
40.755,-73.987,410
40.764,-73.964,409
40.798,-73.97,408
40.78,-73.981,408
40.767,-73.986,406
40.755,-73.968,406
40.773,-73.952,406
40.778,-73.951,406
40.786,-73.953,406
40.754,-73.966,405
40.756,-73.965,405
40.768,-73.984,404
40.751,-73.978,404
40.777,-73.978,404
40.744,-73.976,403
40.766,-73.975,403
40.733,-73.987,403
40.759,-73.978,402
40.753,-73.989,402
40.764,-73.973,402
40.758,-73.971,401
40.719,-73.989,401
40.772,-73.952,401
40.736,-73.998,400
40.74,-73.989,400
40.738,-73.996,398
40.779,-73.988,398
40.755,-73.964,398
40.778,-73.949,398
40.784,-73.949,397
40.747,-73.993,397
40.76,-73.968,397
40.76,-73.972,397
40.744,-73.982,396
40.775,-73.983,396
40.76,-73.965,395
40.762,-73.99,394
40.736,-73.993,393
40.73,-73.993,393
40.74,-73.981,392
40.738,-73.98,392
40.783,-73.957,392
40.743,-73.997,391
40.725,-73.981,391
40.76,-73.98,391
40.713,-73.993,391
40.721,-73.989,389
40.725,-73.995,389
40.719,-73.985,389
40.756,-73.964,389
40.758,-73.97,388
40.744,-73.977,388
40.769,-73.958,387
40.741,-73.981,386
40.762,-73.989,386
40.779,-73.951,385
40.734,-73.986,385
40.769,-73.955,385
40.749,-73.983,384
40.755,-73.966,384
40.76,-73.97,383
40.771,-73.951,383
40.77,-73.985,382
40.783,-73.977,382
40.756,-73.977,380
40.767,-73.953,380
40.779,-73.985,379
40.74,-73.986,379
40.755,-73.994,378
40.735,-73.994,378
40.779,-73.956,377
40.729,-73.981,377
40.74,-73.987,377
40.77,-73.955,377
40.744,-73.974,377
40.765,-73.963,377
40.772,-73.947,376
40.721,-73.988,376
40.736,-73.985,376
40.746,-73.975,376
40.768,-73.953,376
40.778,-73.983,375
40.768,-73.981,375
40.782,-73.983,375
40.794,-73.972,375
40.736,-73.988,375
40.783,-73.975,375
40.778,-73.955,374
40.753,-73.966,374
40.749,-73.982,374
40.79,-73.977,374
40.718,-73.995,373
40.766,-73.981,373
40.758,-73.972,373
40.749,-73.981,373
40.754,-73.981,373
40.772,-73.953,372
40.734,-73.999,372
40.782,-73.956,371
40.768,-73.989,371
40.786,-73.98,370
40.77,-73.96,370
40.76,-73.979,369
40.723,-73.994,369
40.729,-73.978,368
40.734,-74.0,368
40.722,-73.997,368
40.741,-73.998,367
40.737,-73.979,367
40.777,-73.977,367
40.753,-73.977,366
40.795,-73.972,366
40.808,-73.964,366
40.738,-73.988,366
40.761,-73.961,366
40.775,-73.95,365
40.759,-73.973,365
40.783,-73.955,365
40.746,-73.993,364
40.736,-73.987,363
40.773,-73.953,363
40.763,-73.974,363
40.786,-73.969,362
40.763,-73.993,362
40.742,-73.999,362
40.781,-73.982,361
40.766,-73.968,361
40.753,-73.976,360
40.738,-74.0,360
40.761,-73.977,360
40.773,-73.958,360
40.767,-73.955,359
40.724,-73.979,358
40.729,-73.99,358
40.781,-73.947,358
40.751,-73.982,358
40.726,-73.984,357
40.74,-73.985,357
40.732,-73.987,357
40.759,-73.992,357
40.738,-73.997,356
40.759,-73.982,356
40.764,-73.987,356
40.767,-73.961,355
40.745,-73.99,355
40.752,-73.991,355
40.783,-73.953,355
40.779,-73.952,355
40.723,-73.995,355
40.729,-73.988,354
40.758,-73.966,354
40.763,-73.988,354
40.756,-73.962,353
40.762,-73.97,353
40.73,-73.99,352
40.756,-73.978,352
40.789,-73.978,352
40.734,-73.991,351
40.747,-73.978,351
40.778,-73.979,351
40.787,-73.972,350
40.776,-73.983,350
40.776,-73.98,350
40.732,-73.988,350
40.72,-73.996,349
40.73,-73.982,349
40.751,-73.983,348
40.779,-73.981,348
40.771,-73.948,348
40.783,-73.982,348
40.745,-74.0,348
40.769,-73.961,348
40.762,-73.961,347
40.76,-73.962,347
40.745,-73.972,346
40.719,-73.995,346
40.763,-73.989,345
40.726,-73.989,345
40.794,-73.967,344
40.738,-73.992,344
40.761,-73.99,344
40.727,-73.992,344
40.758,-73.969,343
40.724,-73.988,343
40.772,-73.979,343
40.731,-73.983,343
40.728,-73.995,343
40.794,-73.973,343
40.771,-73.987,342
40.722,-73.993,342
40.776,-73.982,342
40.765,-73.962,341
40.715,-73.993,340
40.751,-73.979,340
40.767,-73.99,340
40.767,-73.969,339
40.744,-73.99,338
40.742,-73.981,338
40.732,-73.986,338
40.739,-73.988,337
40.72,-73.989,336
40.758,-73.962,336
40.74,-73.983,336
40.785,-73.97,336
40.73,-73.986,335
40.737,-73.98,334
40.743,-73.98,334
40.76,-73.969,334
40.749,-73.971,334
40.77,-73.954,333
40.733,-73.975,333
40.743,-73.981,333
40.727,-73.98,332
40.807,-73.961,332
40.744,-73.973,331
40.81,-73.959,331
40.789,-73.97,331
40.729,-73.986,330
40.748,-73.98,330
40.723,-73.988,330
40.77,-73.957,330
40.749,-73.97,329
40.721,-73.994,329
40.725,-73.987,329
40.754,-73.984,329
40.724,-73.991,329
40.764,-73.986,328
40.78,-73.977,328
40.802,-73.967,327
40.772,-73.951,327
40.747,-73.984,327
40.798,-73.971,327
40.8,-73.97,327
40.773,-73.95,326
40.746,-73.987,326
40.778,-73.978,325
40.766,-73.984,325
40.784,-73.95,325
40.752,-73.968,325
40.724,-73.993,324
40.746,-74.0,324
40.781,-73.957,324
40.775,-73.989,324
40.771,-73.953,324
40.743,-73.99,324
40.75,-73.971,323
40.784,-73.974,323
40.721,-73.997,323
40.781,-73.956,323
40.754,-73.969,322
40.76,-73.971,322
40.781,-73.959,322
40.747,-73.973,322
40.738,-73.984,322
40.764,-73.965,321
40.774,-73.948,321
40.763,-73.96,320
40.742,-73.976,320
40.787,-73.954,320
40.78,-73.953,319
40.797,-73.972,319
40.795,-73.966,319
40.724,-73.994,318
40.753,-73.978,318
40.741,-73.986,318
40.782,-73.954,317
40.72,-73.983,317
40.73,-73.983,317
40.736,-73.994,317
40.76,-73.966,317
40.776,-73.95,316
40.786,-73.971,316
40.758,-73.991,315
40.768,-73.957,315
40.749,-73.993,315
40.721,-73.998,315
40.781,-73.954,315
40.729,-73.989,315
40.752,-73.971,314
40.763,-73.959,314
40.733,-73.994,314
40.729,-73.984,314
40.792,-73.968,313
40.732,-73.993,313
40.76,-73.964,313
40.768,-73.958,312
40.804,-73.966,312
40.755,-73.969,312
40.717,-73.996,311
40.754,-73.97,311
40.739,-73.998,311
40.742,-73.995,311
40.778,-73.953,310
40.795,-73.97,310
40.73,-73.989,310
40.727,-73.983,310
40.739,-73.991,309
40.756,-73.963,309
40.749,-73.989,309
40.801,-73.969,309
40.75,-73.995,308
40.725,-73.999,308
40.721,-73.981,308
40.795,-73.971,307
40.728,-73.987,307
40.777,-73.947,307
40.726,-73.99,307
40.739,-74.0,306
40.741,-73.98,306
40.798,-73.969,306
40.771,-73.98,306
40.729,-74.0,306
40.78,-73.944,306
40.77,-73.982,305
40.721,-73.996,304
40.753,-73.98,304
40.729,-73.985,304
40.752,-73.969,304
40.754,-73.979,303
40.746,-73.973,303
40.736,-73.983,302
40.722,-73.983,302
40.767,-73.957,302
40.763,-73.966,302
40.759,-73.962,302
40.751,-73.969,302
40.761,-73.976,302
40.719,-73.988,301
40.778,-73.982,301
40.788,-73.978,300
40.76,-73.99,300
40.763,-73.965,300
40.783,-73.949,300
40.725,-73.984,300
40.732,-73.989,299
40.762,-73.994,299
40.769,-73.986,299
40.775,-73.982,299
40.76,-73.982,299
40.747,-73.997,299
40.737,-73.996,298
40.732,-73.982,298
40.727,-73.984,298
40.762,-73.959,297
40.761,-73.994,297
40.756,-73.979,297
40.814,-73.961,297
40.751,-73.973,296
40.77,-73.952,296
40.759,-73.963,296
40.759,-73.964,296
40.749,-73.986,295
40.737,-73.997,295
40.759,-73.972,295
40.791,-73.974,295
40.779,-73.983,294
40.73,-73.984,294
40.784,-73.952,294
40.757,-73.963,294
40.781,-73.984,294
40.754,-73.98,293
40.72,-73.99,293
40.773,-73.951,292
40.765,-73.988,292
40.793,-73.966,291
40.736,-73.979,291
40.771,-73.986,290
40.763,-73.97,290
40.758,-73.978,290
40.777,-73.949,290
40.787,-73.952,290
40.76,-73.997,290
40.731,-73.988,289
40.721,-73.984,289
40.775,-73.965,289
40.774,-73.956,288
40.787,-73.974,288
40.758,-73.981,288
40.739,-73.986,288
40.788,-73.977,287
40.773,-73.954,287
40.722,-73.986,287
40.788,-73.953,287
40.776,-73.958,286
40.772,-73.955,286
40.767,-73.959,286
40.718,-73.985,286
40.782,-73.972,285
40.731,-73.979,285
40.793,-73.965,284
40.723,-73.996,284
40.805,-73.966,284
40.731,-73.991,284
40.766,-73.991,283
40.755,-73.979,283
40.737,-73.994,283
40.759,-73.97,283
40.769,-73.952,282
40.783,-73.971,282
40.761,-73.967,282
40.745,-73.98,282
40.775,-73.98,281
40.777,-73.953,281
40.758,-73.979,280
40.774,-73.951,280
40.725,-73.989,280
40.746,-73.982,280
40.791,-73.969,280
40.778,-73.956,280
40.724,-73.998,279
40.775,-73.991,279
40.74,-74.0,279
40.769,-73.96,279
40.779,-73.982,279
40.728,-73.983,279
40.809,-73.959,279
40.772,-73.959,278
40.731,-73.99,278
40.731,-73.981,278
40.791,-73.965,278
40.79,-73.966,277
40.804,-73.967,277
40.72,-73.985,277
40.79,-73.973,277
40.787,-73.953,277
40.723,-73.986,277
40.716,-73.995,277
40.782,-73.947,277
40.747,-73.983,277
40.771,-73.954,276
40.781,-73.949,276
40.77,-73.958,275
40.73,-74.0,275
40.778,-73.975,275
40.721,-73.999,275
40.777,-73.957,275
40.752,-73.992,274
40.786,-73.949,274
40.765,-73.987,274
40.773,-73.979,274
40.765,-73.947,274
40.787,-73.979,274
40.784,-73.954,274
40.766,-73.953,274
40.718,-73.991,273
40.728,-73.982,273
40.753,-73.968,273
40.733,-74.0,273
40.778,-73.954,273
40.791,-73.976,272
40.779,-73.977,272
40.792,-73.974,272
40.786,-73.952,272
40.787,-73.95,272
40.733,-73.988,272
40.802,-73.961,272
40.78,-73.957,271
40.776,-73.954,271
40.798,-73.961,271
40.742,-73.975,271
40.775,-73.99,271
40.774,-73.955,270
40.76,-73.992,270
40.764,-73.989,270
40.733,-73.986,270
40.776,-73.952,270
40.734,-73.987,270
40.743,-73.995,270
40.758,-73.967,269
40.788,-73.976,269
40.735,-73.988,269
40.786,-73.973,269
40.767,-73.963,269
40.746,-73.99,268
40.743,-73.985,268
40.742,-73.98,268
40.781,-73.976,268
40.727,-73.987,268
40.733,-73.984,267
40.765,-73.966,267
40.77,-73.981,267
40.799,-73.97,266
40.783,-73.973,266
40.771,-73.96,266
40.718,-73.987,266
40.739,-73.994,265
40.755,-73.988,264
40.743,-73.989,264
40.729,-73.982,264
40.78,-73.956,264
40.737,-73.987,264
40.772,-73.989,264
40.781,-73.98,264
40.756,-73.966,263
40.726,-73.987,263
40.725,-73.988,263
40.776,-73.987,263
40.776,-73.99,263
40.731,-73.98,262
40.747,-73.994,262
40.73,-73.978,262
40.744,-73.994,262
40.754,-73.991,262
40.722,-73.996,261
40.765,-73.97,261
40.749,-73.99,261
40.759,-73.968,261
40.754,-73.998,260
40.769,-73.984,260
40.777,-73.982,260
40.734,-73.998,260
40.757,-73.966,260
40.775,-73.959,260
40.782,-73.946,259
40.778,-73.959,259
40.774,-73.952,259
40.724,-73.983,259
40.775,-73.956,259
40.74,-73.991,259
40.773,-73.946,258
40.79,-73.975,258
40.766,-73.992,258
40.715,-73.992,258
40.777,-73.951,258
40.779,-73.947,258
40.768,-73.955,257
40.75,-73.996,257
40.789,-73.971,257
40.728,-73.996,257
40.759,-73.993,257
40.751,-73.992,257
40.767,-73.962,256
40.801,-73.958,256
40.741,-73.99,256
40.776,-73.96,256
40.785,-73.981,256
40.778,-73.977,256
40.762,-74.0,256
40.741,-74.0,256
40.783,-73.944,255
40.778,-73.981,255
40.775,-73.988,255
40.728,-73.979,255
40.788,-73.974,254
40.764,-73.988,254
40.784,-73.978,254
40.788,-73.975,254
40.773,-73.982,254
40.771,-73.992,254
40.777,-73.983,253
40.735,-73.998,253
40.786,-73.976,253
40.731,-73.993,253
40.762,-73.962,252
40.78,-73.951,252
40.777,-73.986,251
40.721,-73.993,251
40.76,-73.961,251
40.763,-73.975,251
40.727,-73.988,250
40.799,-73.96,250
40.799,-73.968,250
40.724,-73.982,250
40.737,-73.986,249
40.789,-73.967,249
40.737,-73.973,249
40.755,-73.97,248
40.783,-73.951,248
40.72,-74.001,248
40.795,-73.976,248
40.754,-73.967,248
40.767,-73.96,248
40.743,-73.999,248
40.765,-73.958,248
40.735,-73.992,248
40.73,-73.975,248
40.737,-73.984,248
40.727,-73.985,248
40.765,-73.995,248
40.77,-73.988,247
40.761,-73.959,247
40.748,-73.994,247
40.72,-73.992,247
40.772,-73.99,247
40.793,-73.968,246
40.782,-73.953,246
40.763,-73.99,246
40.775,-73.957,246
40.771,-73.988,245
40.772,-73.949,244
40.779,-73.954,244
40.774,-73.957,244
40.797,-73.971,244
40.745,-73.998,244
40.803,-73.965,243
40.72,-73.987,243
40.781,-73.958,243
40.738,-73.974,243
40.761,-73.992,243
40.792,-73.965,243
40.735,-74.0,243
40.775,-73.945,243
40.717,-73.991,243
40.731,-73.976,242
40.774,-73.953,241
40.786,-73.978,240
40.762,-73.966,240
40.76,-73.959,240
40.764,-73.961,240
40.758,-73.964,240
40.732,-73.98,239
40.785,-73.95,239
40.788,-73.971,238
40.764,-73.962,238
40.729,-73.98,238
40.774,-73.958,238
40.811,-73.958,238
40.77,-73.956,238
40.722,-73.988,238
40.755,-73.99,238
40.754,-73.965,237
40.774,-73.954,237
40.761,-73.991,237
40.778,-73.957,237
40.739,-73.992,237
40.757,-73.961,237
40.728,-73.989,237
40.772,-73.957,237
40.78,-73.979,236
40.766,-73.972,236
40.801,-73.96,236
40.779,-73.986,236
40.745,-73.988,236
40.755,-73.967,236
40.738,-73.983,236
40.741,-73.982,235
40.72,-73.984,235
40.807,-73.965,235
40.76,-73.989,235
40.797,-73.97,235
40.725,-73.982,235
40.758,-73.995,234
40.731,-73.987,234
40.787,-73.968,233
40.727,-73.996,233
40.791,-73.979,233
40.744,-73.975,233
40.767,-73.982,233
40.789,-73.955,232
40.722,-74.0,232
40.759,-73.971,232
40.728,-74.0,232
40.776,-73.949,232
40.785,-73.973,232
40.781,-73.948,232
40.74,-73.98,231
40.769,-73.956,231
40.729,-73.999,231
40.731,-73.982,231
40.761,-73.968,230
40.757,-73.991,230
40.718,-73.99,230
40.723,-73.997,230
40.794,-73.968,230
40.748,-74.0,230
40.727,-73.999,230
40.773,-73.947,230
40.784,-73.98,229
40.79,-73.974,229
40.751,-73.998,229
40.768,-73.993,229
40.803,-73.964,229
40.766,-73.986,228
40.78,-73.98,228
40.761,-73.989,228
40.741,-73.988,228
40.782,-73.958,228
40.769,-73.959,228
40.732,-73.995,228
40.756,-73.967,227
40.773,-73.978,227
40.765,-73.992,226
40.728,-73.984,226
40.785,-73.952,226
40.737,-73.991,226
40.734,-73.992,225
40.732,-73.991,225
40.744,-73.998,225
40.757,-73.968,225
40.714,-73.993,225
40.726,-73.998,225
40.719,-73.983,225
40.727,-73.991,225
40.76,-73.977,225
40.761,-73.996,224
40.79,-73.98,224
40.77,-73.962,224
40.766,-73.958,224
40.75,-73.993,224
40.732,-73.984,224
40.763,-73.968,224
40.786,-73.977,223
40.771,-73.95,223
40.773,-73.959,222
40.727,-73.977,222
40.715,-74.0,222
40.753,-73.982,221
40.805,-73.965,221
40.766,-73.96,220
40.736,-73.984,220
40.752,-73.987,220
40.725,-73.978,220
40.731,-73.989,220
40.796,-73.971,220
40.793,-73.974,220
40.765,-73.991,220
40.774,-73.98,219
40.753,-73.969,219
40.762,-73.958,219
40.785,-73.979,219
40.742,-73.979,219
40.742,-73.991,219
40.796,-73.95,219
40.735,-73.996,218
40.739,-73.995,218
40.771,-73.956,218
40.761,-73.963,218
40.726,-73.986,218
40.725,-73.983,218
40.776,-73.929,217
40.764,-73.956,217
40.767,-73.987,217
40.799,-73.971,217
40.758,-73.977,217
40.808,-73.958,217
40.728,-73.986,217
40.779,-73.958,216
40.767,-73.967,216
40.786,-73.97,216
40.763,-73.967,216
40.729,-73.995,216
40.771,-73.949,216
40.725,-73.993,216
40.801,-73.966,216
40.766,-73.964,215
40.735,-73.991,214
40.762,-73.963,214
40.754,-73.982,214
40.743,-73.973,213
40.728,-73.998,213
40.765,-73.985,213
40.724,-73.997,213
40.78,-73.952,213
40.729,-73.997,213
40.782,-73.951,213
40.753,-73.996,213
40.738,-73.987,212
40.734,-73.988,212
40.797,-73.961,212
40.787,-73.975,212
40.771,-73.964,212
40.741,-73.983,212
40.804,-73.965,212
40.732,-73.998,211
40.782,-73.952,211
40.758,-73.997,211
40.724,-73.99,210
40.763,-73.949,210
40.719,-73.991,210
40.731,-73.978,209
40.77,-73.959,209
40.761,-73.997,209
40.762,-73.996,209
40.777,-73.981,209
40.766,-73.988,209
40.775,-73.952,208
40.778,-73.985,208
40.802,-73.969,208
40.719,-73.996,208
40.773,-73.948,208
40.737,-73.983,208
40.801,-73.967,208
40.78,-73.945,207
40.778,-73.945,207
40.781,-73.953,207
40.779,-73.976,207
40.745,-73.971,207
40.751,-73.994,206
40.775,-73.955,206
40.722,-73.999,206
40.758,-73.999,206
40.733,-73.992,206
40.719,-73.986,206
40.806,-73.965,206
40.788,-73.979,206
40.777,-73.976,206
40.78,-73.958,204
40.775,-73.958,204
40.738,-73.995,204
40.777,-73.959,204
40.754,-73.988,204
40.74,-73.99,204
40.797,-73.949,204
40.744,-74.0,203
40.759,-73.966,203
40.781,-73.95,203
40.78,-73.985,203
40.788,-73.955,203
40.755,-73.997,203
40.735,-73.984,203
40.754,-73.996,203
40.718,-73.998,203
40.771,-73.959,202
40.804,-73.956,202
40.786,-73.955,202
40.748,-73.983,202
40.775,-73.946,202
40.768,-73.963,201
40.805,-73.963,201
40.772,-73.961,201
40.743,-73.994,201
40.742,-73.989,201
40.719,-73.987,201
40.716,-73.99,201
40.784,-73.977,200
40.735,-73.997,200
40.759,-73.961,200
40.776,-73.977,200
40.73,-73.992,200
40.806,-73.966,199
40.731,-73.985,199
40.785,-73.947,199
40.766,-73.985,199
40.763,-73.969,198
40.777,-73.98,198
40.777,-73.944,198
40.727,-73.978,198
40.789,-73.979,198
40.735,-73.99,198
40.739,-73.997,198
40.754,-73.983,197
40.791,-73.973,197
40.761,-73.972,196
40.766,-73.987,196
40.803,-73.945,196
40.742,-73.994,196
40.753,-73.987,196
40.758,-73.961,196
40.798,-73.973,196
40.739,-73.981,196
40.729,-73.998,196
40.782,-73.948,196
40.773,-73.981,196
40.734,-73.984,196
40.794,-73.963,195
40.73,-73.979,195
40.739,-73.996,195
40.78,-73.983,195
40.766,-73.947,195
40.722,-73.998,195
40.77,-73.983,195
40.753,-73.965,195
40.8,-73.968,194
40.776,-73.988,194
40.733,-73.989,194
40.774,-73.978,194
40.751,-73.993,194
40.763,-73.994,193
40.773,-73.98,193
40.77,-73.98,193
40.743,-73.974,193
40.776,-73.984,193
40.774,-73.95,193
40.785,-73.969,193
40.727,-73.99,193
40.725,-73.98,192
40.743,-73.998,192
40.727,-73.997,192
40.792,-73.976,192
40.805,-73.964,192
40.805,-73.939,191
40.772,-73.981,191
40.719,-73.993,191
40.788,-73.967,191
40.733,-73.995,191
40.792,-73.975,191
40.753,-73.995,191
40.763,-73.957,191
40.794,-73.975,191
40.757,-73.978,191
40.779,-73.949,191
40.737,-73.998,190
40.762,-73.992,190
40.741,-73.992,190
40.745,-73.997,190
40.775,-73.977,190
40.749,-73.996,190
40.741,-73.996,190
40.779,-73.96,190
40.765,-73.967,190
40.739,-73.99,190
40.774,-73.946,189
40.772,-73.978,189
40.802,-73.968,189
40.782,-73.977,189
40.795,-73.973,188
40.725,-73.99,188
40.779,-73.98,188
40.768,-73.961,188
40.787,-73.973,188
40.779,-73.984,188
40.794,-73.969,188
40.728,-73.999,187
40.775,-73.978,187
40.738,-73.99,187
40.762,-73.965,187
40.776,-73.981,186
40.755,-73.989,186
40.787,-73.98,186
40.781,-73.983,186
40.764,-73.968,186
40.765,-73.955,185
40.772,-73.963,185
40.737,-73.985,185
40.773,-73.957,185
40.809,-73.966,185
40.73,-73.994,184
40.766,-73.989,184
40.77,-73.986,184
40.723,-73.985,184
40.776,-73.946,184
40.784,-73.953,184
40.742,-73.998,184
40.801,-73.965,184
40.719,-73.994,184
40.777,-73.96,183
40.738,-73.993,183
40.713,-73.978,183
40.791,-73.972,183
40.764,-73.958,182
40.75,-73.988,182
40.724,-73.989,182
40.72,-73.991,182
40.793,-73.971,182
40.757,-73.965,182
40.792,-73.966,182
40.741,-73.978,182
40.734,-73.989,181
40.791,-73.977,181
40.776,-73.961,181
40.778,-73.947,181
40.733,-73.999,181
40.72,-73.993,181
40.732,-73.983,181
40.752,-73.984,181
40.788,-73.981,181
40.764,-73.971,180
40.799,-73.972,180
40.807,-73.967,180
40.784,-73.955,180
40.714,-73.99,180
40.723,-73.977,180
40.76,-73.963,180
40.726,-73.979,180
40.784,-73.979,180
40.77,-73.95,180
40.748,-73.984,180
40.741,-73.993,180
40.741,-73.994,179
40.764,-73.967,179
40.792,-73.953,179
40.788,-73.954,179
40.751,-73.988,178
40.777,-73.945,178
40.738,-73.982,178
40.782,-73.975,178
40.725,-73.997,178
40.8,-73.969,178
40.742,-73.992,178
40.75,-73.997,178
40.776,-73.957,177
40.805,-73.955,177
40.758,-73.968,177
40.773,-73.963,177
40.768,-73.988,176
40.774,-73.962,176
40.779,-73.957,176
40.733,-73.993,176
40.745,-73.975,176
40.791,-73.975,176
40.763,-73.961,176
40.779,-73.962,175
40.726,-73.977,175
40.802,-73.957,175
40.78,-73.948,175
40.714,-73.98,175
40.773,-73.956,174
40.802,-73.949,174
40.776,-73.986,174
40.743,-73.978,174
40.76,-73.96,173
40.759,-73.952,173
40.781,-73.96,173
40.726,-73.978,173
40.78,-73.976,172
40.775,-73.947,172
40.731,-74.0,172
40.815,-73.959,172
40.787,-73.951,172
40.734,-73.98,172
40.799,-73.961,172
40.731,-73.974,172
40.722,-73.994,172
40.799,-73.963,171
40.721,-73.986,171
40.761,-73.995,171
40.801,-73.968,171
40.791,-73.953,171
40.803,-73.968,171
40.766,-73.946,171
40.757,-73.977,171
40.789,-73.949,170
40.736,-73.995,170
40.734,-73.982,170
40.758,-73.996,170
40.731,-73.995,170
40.741,-73.976,170
40.769,-73.957,169
40.722,-73.985,169
40.783,-73.98,169
40.784,-73.956,169
40.775,-73.981,169
40.775,-73.961,168
40.767,-73.98,168
40.726,-73.983,168
40.764,-73.96,168
40.724,-73.996,168
40.778,-73.98,167
40.729,-73.977,167
40.775,-73.962,167
40.777,-73.956,167
40.745,-73.979,167
40.764,-73.975,167
40.729,-73.979,167
40.768,-73.969,167
40.759,-73.979,167
40.791,-73.97,167
40.785,-73.982,167
40.726,-73.997,167
40.784,-73.983,166
40.8,-73.971,166
40.794,-73.976,166
40.804,-73.947,166
40.796,-73.974,166
40.733,-73.977,166
40.734,-73.996,166
40.737,-73.999,165
40.76,-73.952,165
40.777,-73.948,165
40.789,-73.98,165
40.73,-73.995,165
40.777,-73.95,165
40.742,-73.996,165
40.785,-73.951,164
40.771,-73.962,164
40.773,-73.96,164
40.742,-73.977,164
40.774,-73.959,164
40.78,-73.949,164
40.785,-73.971,164
40.8,-73.962,164
40.747,-73.989,164
40.743,-73.987,164
40.726,-73.988,164
40.73,-73.985,163
40.73,-73.999,163
40.724,-73.984,163
40.771,-73.955,163
40.785,-73.972,163
40.735,-73.979,163
40.806,-73.953,163
40.776,-73.951,163
40.727,-73.995,162
40.787,-73.976,162
40.746,-73.995,162
40.786,-73.943,162
40.722,-73.98,162
40.784,-73.946,162
40.773,-73.962,162
40.747,-73.971,162
40.729,-73.976,161
40.727,-73.998,161
40.806,-73.964,161
40.78,-73.988,161
40.735,-73.981,160
40.768,-73.96,160
40.725,-73.996,160
40.723,-73.984,160
40.783,-73.95,160
40.723,-73.993,159
40.767,-73.971,159
40.78,-73.978,159
40.718,-73.997,159
40.767,-73.997,159
40.764,-73.97,159
40.769,-73.954,158
40.728,-73.994,158
40.803,-73.967,158
40.75,-73.99,158
40.756,-73.996,158
40.781,-73.961,158
40.743,-73.979,158
40.737,-73.99,158
40.788,-73.973,158
40.769,-73.989,158
40.73,-74.001,157
40.736,-73.978,157
40.8,-73.966,157
40.805,-73.957,157
40.792,-73.972,157
40.789,-73.974,157
40.73,-73.976,157
40.762,-73.968,157
40.778,-73.948,157
40.722,-73.981,156
40.734,-73.977,156
40.815,-73.96,156
40.796,-73.97,156
40.748,-73.995,156
40.753,-73.99,155
40.78,-73.975,155
40.781,-73.955,155
40.741,-73.997,155
40.774,-73.96,155
40.79,-73.978,155
40.774,-73.945,155
40.803,-73.969,155
40.816,-73.96,154
40.782,-73.955,154
40.766,-73.961,154
40.753,-73.992,154
40.778,-73.986,154
40.794,-73.971,153
40.723,-73.999,153
40.784,-73.951,153
40.788,-73.969,153
40.741,-73.999,153
40.784,-73.97,153
40.792,-73.967,153
40.784,-73.981,153
40.787,-73.981,153
40.776,-73.962,153
40.766,-73.971,153
40.784,-73.973,152
40.728,-73.997,152
40.74,-73.997,152
40.74,-73.996,152
40.776,-73.944,152
40.755,-73.963,152
40.746,-73.999,152
40.767,-73.968,152
40.722,-73.995,152
40.742,-73.986,151
40.757,-73.98,151
40.811,-73.96,151
40.729,-73.994,151
40.791,-73.966,151
40.76,-73.993,151
40.787,-73.97,151
40.815,-73.943,151
40.728,-73.98,150
40.724,-73.992,150
40.777,-73.943,150
40.8,-73.959,150
40.766,-73.956,150
40.754,-73.997,150
40.731,-73.984,149
40.783,-73.983,149
40.795,-73.964,149
40.726,-73.98,149
40.808,-73.965,149
40.759,-73.98,149
40.769,-73.953,148
40.735,-73.993,148
40.74,-73.995,148
40.79,-73.97,148
40.776,-73.955,147
40.782,-73.984,147
40.777,-73.954,147
40.776,-73.979,146
40.737,-74.0,146
40.735,-73.999,146
40.717,-73.99,146
40.768,-73.954,146
40.73,-73.98,146
40.726,-73.985,146
40.766,-73.967,146
40.732,-73.977,145
40.779,-73.979,145
40.77,-73.965,145
40.775,-73.979,145
40.763,-73.972,145
40.741,-73.985,145
40.737,-73.978,145
40.714,-73.979,144
40.752,-73.988,144
40.728,-73.981,144
40.764,-73.991,144
40.783,-73.947,144
40.783,-73.952,144
40.761,-73.957,144
40.721,-73.987,144
40.753,-73.983,143
40.769,-73.965,143
40.74,-73.988,143
40.766,-73.998,143
40.76,-73.994,143
40.731,-73.996,143
40.781,-73.977,143
40.777,-73.962,143
40.774,-73.947,143
40.77,-73.969,142
40.718,-73.993,142
40.768,-73.966,142
40.768,-73.968,142
40.772,-73.954,142
40.775,-73.953,142
40.756,-73.961,142
40.763,-73.973,142
40.778,-73.961,141
40.796,-73.969,141
40.781,-73.978,141
40.771,-73.963,141
40.808,-73.959,141
40.735,-73.995,140
40.721,-73.982,140
40.816,-73.943,140
40.722,-73.982,140
40.758,-73.994,140
40.804,-73.964,140
40.8,-73.954,140
40.732,-73.974,140
40.733,-73.998,140
40.742,-73.99,140
40.79,-73.976,140
40.739,-73.984,139
40.785,-73.98,139
40.725,-74.0,139
40.779,-73.974,139
40.724,-73.995,139
40.801,-73.948,139
40.731,-73.994,139
40.787,-73.978,139
40.715,-73.991,139
40.769,-73.95,138
40.803,-73.957,138
40.758,-74.001,138
40.714,-73.992,138
40.728,-73.993,138
40.777,-73.985,138
40.716,-73.996,138
40.776,-73.985,138
40.742,-74.001,137
40.748,-74.001,137
40.715,-73.99,137
40.794,-73.97,137
40.792,-73.971,137
40.72,-73.998,137
40.789,-73.948,137
40.785,-73.976,137
40.756,-73.995,136
40.771,-73.952,136
40.81,-73.964,136
40.783,-73.959,136
40.757,-73.979,136
40.801,-73.944,136
40.809,-73.958,136
40.782,-73.959,136
40.77,-73.967,136
40.729,-74.001,136
40.736,-73.975,136
40.727,-73.993,135
40.772,-73.965,135
40.787,-73.971,135
40.784,-73.957,135
40.751,-73.989,135
40.727,-74.001,135
40.784,-73.971,135
40.812,-73.936,135
40.804,-73.955,135
40.782,-73.96,134
40.734,-73.994,134
40.727,-73.979,134
40.743,-73.988,134
40.757,-73.997,134
40.754,-73.964,134
40.787,-73.943,134
40.762,-73.973,134
40.779,-73.95,133
40.805,-73.968,133
40.78,-73.959,133
40.721,-74.0,133
40.768,-73.967,133
40.773,-73.99,133
40.774,-73.988,133
40.754,-73.989,133
40.787,-73.955,133
40.718,-74.0,133
40.808,-73.96,133
40.791,-73.978,133
40.74,-73.993,132
40.736,-73.991,132
40.759,-73.967,132
40.736,-73.986,132
40.752,-73.989,132
40.795,-73.962,131
40.779,-73.987,131
40.799,-73.959,131
40.762,-73.995,130
40.8,-73.947,130
40.746,-73.997,130
40.718,-73.996,130
40.715,-73.987,130
40.81,-73.965,130
40.737,-73.988,130
40.77,-73.991,130
40.793,-73.977,130
40.773,-73.965,130
40.779,-73.989,130
40.735,-73.977,129
40.763,-73.992,129
40.726,-74.0,129
40.742,-73.993,129
40.725,-73.991,129
40.747,-74.001,129
40.796,-73.962,129
40.737,-73.995,129
40.765,-73.99,129
40.777,-73.975,129
40.806,-73.967,129
40.729,-73.996,128
40.761,-73.962,128
40.717,-73.998,128
40.762,-73.993,128
40.786,-73.981,128
40.726,-73.995,128
40.716,-73.992,127
40.783,-73.954,127
40.786,-73.982,127
40.762,-73.991,127
40.784,-73.972,127
40.777,-73.958,127
40.802,-73.962,127
40.799,-73.962,127
40.817,-73.961,127
40.811,-73.962,126
40.766,-73.965,126
40.79,-73.979,126
40.72,-73.979,126
40.738,-73.994,126
40.758,-73.98,126
40.762,-73.964,126
40.785,-73.955,126
40.77,-73.987,126
40.806,-73.947,125
40.787,-73.956,125
40.772,-73.948,124
40.767,-73.965,124
40.781,-73.985,124
40.761,-73.95,124
40.726,-73.999,124
40.725,-73.979,123
40.788,-73.956,123
40.783,-73.984,123
40.762,-73.969,123
40.81,-73.958,123
40.721,-73.99,123
40.769,-73.962,123
40.784,-73.944,123
40.766,-73.959,123
40.763,-73.958,122
40.801,-73.954,122
40.789,-73.973,122
40.771,-73.968,122
40.801,-73.971,122
40.772,-73.96,122
40.742,-74.0,121
40.789,-73.977,121
40.777,-73.987,121
40.79,-73.948,121
40.771,-73.958,121
40.763,-73.956,121
40.771,-73.989,121
40.802,-73.934,120
40.792,-73.977,120
40.809,-73.965,120
40.785,-73.977,120
40.789,-73.981,120
40.809,-73.96,119
40.715,-73.997,119
40.798,-73.962,119
40.814,-73.96,119
40.726,-73.981,119
40.778,-73.95,119
40.74,-73.994,119
40.807,-73.964,118
40.738,-73.973,118
40.738,-73.999,118
40.733,-73.982,118
40.738,-73.989,118
40.778,-73.958,118
40.778,-73.963,118
40.793,-73.969,118
40.802,-73.965,117
40.785,-73.953,117
40.718,-73.992,117
40.805,-73.967,117
40.765,-73.986,117
40.726,-73.996,116
40.741,-73.991,116
40.774,-73.961,116
40.758,-74.0,116
40.804,-73.963,116
40.806,-73.954,116
40.716,-73.987,115
40.801,-73.961,115
40.732,-73.992,115
40.769,-73.968,115
40.787,-73.977,115
40.716,-73.986,115
40.721,-73.983,115
40.797,-73.973,115
40.779,-73.955,115
40.724,-73.98,115
40.764,-73.948,115
40.767,-73.958,115
40.78,-73.986,115
40.739,-73.989,115
40.715,-73.985,115
40.8,-73.965,115
40.757,-73.962,114
40.792,-73.978,114
40.734,-73.993,114
40.72,-73.997,114
40.807,-73.955,114
40.733,-73.981,114
40.795,-73.963,114
40.802,-73.943,114
40.726,-73.991,114
40.797,-73.974,114
40.814,-73.947,114
40.766,-73.97,114
40.746,-73.996,113
40.798,-73.967,113
40.719,-73.999,113
40.812,-73.951,113
40.773,-73.961,113
40.779,-73.975,113
40.746,-73.971,112
40.73,-73.988,112
40.74,-73.992,112
40.804,-73.952,112
40.737,-73.992,112
40.727,-73.994,111
40.801,-73.97,111
40.777,-73.961,111
40.721,-73.992,111
40.73,-73.998,111
40.811,-73.959,111
40.765,-73.994,110
40.798,-73.972,110
40.766,-73.962,110
40.724,-73.978,110
40.755,-73.999,110
40.771,-73.984,110
40.76,-73.999,110
40.761,-73.993,109
40.764,-73.993,109
40.752,-73.983,109
40.716,-73.991,109
40.754,-73.999,109
40.758,-73.998,109
40.803,-73.953,109
40.794,-73.966,109
40.748,-73.996,109
40.809,-73.964,109
40.788,-73.968,109
40.761,-73.966,108
40.805,-73.95,108
40.788,-73.949,108
40.798,-73.963,108
40.795,-73.975,108
40.717,-73.989,108
40.775,-73.96,108
40.715,-73.982,107
40.795,-73.974,107
40.8,-73.955,107
40.781,-73.979,107
40.716,-73.988,107
40.794,-73.964,107
40.786,-73.957,107
40.812,-73.952,107
40.786,-73.979,107
40.722,-73.992,107
40.785,-73.978,107
40.769,-73.963,107
40.726,-74.001,107
40.765,-73.96,106
40.806,-73.956,106
40.767,-73.989,106
40.804,-73.946,106
40.778,-73.984,106
40.764,-73.972,105
40.794,-73.94,105
40.77,-73.964,105
40.772,-73.986,105
40.731,-73.999,105
40.803,-73.956,105
40.768,-73.99,105
40.801,-73.946,105
40.781,-73.951,105
40.753,-73.988,104
40.783,-73.945,104
40.785,-73.974,104
40.805,-73.954,104
40.72,-73.986,104
40.742,-73.984,104
40.764,-73.966,104
40.741,-74.001,104
40.721,-73.979,104
40.745,-73.973,103
40.771,-73.947,103
40.804,-73.948,103
40.788,-73.97,103
40.814,-73.962,103
40.735,-73.987,103
40.804,-73.949,103
40.802,-73.939,103
40.724,-73.999,103
40.786,-73.956,102
40.752,-73.967,102
40.804,-73.968,102
40.719,-73.997,102
40.728,-73.99,102
40.763,-73.991,102
40.802,-73.964,102
40.795,-73.969,102
40.8,-73.967,102
40.791,-73.947,102
40.802,-73.966,102
40.774,-73.966,102
40.81,-73.944,101
40.774,-73.984,101
40.813,-73.957,101
40.77,-73.948,100
40.764,-73.954,100
40.741,-73.995,100
40.736,-74.001,100
40.8,-73.972,100
40.802,-73.97,100
40.744,-73.978,99
40.782,-73.978,99
40.777,-73.963,99
40.751,-73.997,99
40.735,-73.976,99
40.806,-73.96,99
40.724,-74.0,99
40.816,-73.961,99
40.783,-73.956,98
40.769,-73.967,98
40.797,-73.968,98
40.808,-73.953,98
40.798,-73.968,98
40.717,-73.994,98
40.75,-73.999,98
40.78,-73.974,98
40.792,-73.946,98
40.8,-73.961,98
40.767,-73.992,98
40.805,-73.956,98
40.745,-73.996,97
40.772,-73.967,97
40.8,-73.96,97
40.721,-73.978,97
40.74,-74.001,96
40.736,-73.977,96
40.731,-73.975,96
40.784,-73.982,96
40.737,-74.001,95
40.807,-73.953,95
40.719,-73.998,95
40.77,-73.963,95
40.761,-73.96,95
40.765,-73.965,95
40.714,-73.999,95
40.79,-73.968,94
40.793,-73.97,94
40.808,-73.951,94
40.751,-73.968,94
40.77,-73.992,94
40.742,-73.987,94
40.771,-73.99,94
40.736,-73.999,94
40.802,-73.95,94
40.723,-73.98,93
40.805,-73.938,93
40.785,-73.975,93
40.726,-73.994,93
40.79,-73.958,93
40.802,-73.963,93
40.795,-73.944,93
40.799,-73.953,93
40.744,-73.997,93
40.795,-73.967,93
40.789,-73.969,92
40.808,-73.949,92
40.721,-73.985,92
40.805,-73.946,92
40.813,-73.961,92
40.806,-73.939,92
40.809,-73.963,92
40.794,-73.941,92
40.771,-73.961,91
40.767,-73.994,91
40.774,-73.977,91
40.767,-73.966,91
40.79,-73.94,90
40.735,-73.975,90
40.795,-73.933,90
40.767,-73.993,90
40.75,-73.989,90
40.804,-73.951,89
40.771,-73.966,89
40.8,-73.953,89
40.746,-73.981,89
40.815,-73.961,89
40.734,-73.983,89
40.723,-73.987,89
40.746,-74.001,89
40.726,-73.993,89
40.779,-73.961,89
40.805,-73.962,89
40.765,-73.959,88
40.8,-73.956,88
40.802,-73.959,88
40.735,-73.978,88
40.727,-73.981,87
40.763,-73.996,87
40.717,-73.999,87
40.738,-73.998,87
40.718,-73.994,87
40.755,-73.962,87
40.804,-73.937,87
40.725,-73.977,87
40.807,-73.94,87
40.721,-73.991,86
40.75,-73.998,86
40.77,-73.966,86
40.734,-73.997,86
40.716,-73.998,86
40.803,-73.952,86
40.714,-73.977,86
40.763,-73.964,86
40.775,-73.985,86
40.809,-73.945,86
40.786,-73.954,86
40.808,-73.941,86
40.761,-73.951,85
40.739,-74.001,85
40.78,-73.961,85
40.805,-73.948,85
40.738,-73.991,85
40.807,-73.956,85
40.775,-73.949,85
40.806,-73.962,85
40.78,-73.962,85
40.736,-73.981,85
40.792,-73.963,85
40.723,-73.982,85
40.792,-73.973,85
40.773,-73.966,85
40.736,-73.976,85
40.762,-73.967,85
40.809,-73.957,85
40.792,-73.947,85
40.817,-73.947,85
40.778,-73.976,85
40.766,-73.99,84
40.809,-73.955,84
40.716,-73.983,84
40.806,-73.94,84
40.791,-73.968,84
40.784,-73.984,84
40.796,-73.943,84
40.776,-73.964,84
40.811,-73.952,84
40.736,-73.992,84
40.713,-73.99,84
40.79,-73.943,84
40.783,-73.958,83
40.732,-73.981,83
40.812,-73.944,83
40.772,-73.958,83
40.804,-73.954,83
40.801,-73.956,83
40.714,-73.988,83
40.739,-73.993,83
40.808,-73.967,83
40.715,-73.98,83
40.773,-73.964,83
40.79,-73.949,82
40.808,-73.945,82
40.782,-73.971,82
40.734,-73.975,82
40.803,-73.966,82
40.739,-73.978,81
40.766,-73.966,81
40.784,-73.976,81
40.714,-74.0,81
40.798,-73.935,81
40.78,-73.96,81
40.812,-73.941,81
40.718,-73.983,81
40.773,-73.989,80
40.753,-73.991,80
40.774,-73.965,80
40.79,-73.969,80
40.736,-73.99,80
40.806,-73.961,80
40.77,-73.953,79
40.788,-73.98,79
40.735,-74.001,79
40.818,-73.938,79
40.791,-73.952,79
40.788,-73.943,79
40.723,-73.981,79
40.718,-73.98,79
40.769,-73.951,79
40.793,-73.976,79
40.741,-73.987,79
40.789,-73.972,78
40.802,-73.945,78
40.765,-73.993,78
40.77,-73.968,78
40.711,-73.988,78
40.722,-73.99,78
40.813,-73.959,77
40.739,-73.973,77
40.783,-73.976,77
40.812,-73.961,77
40.807,-73.954,77
40.719,-73.992,77
40.793,-73.946,77
40.803,-73.933,77
40.723,-73.979,77
40.806,-73.945,77
40.762,-73.957,77
40.791,-73.942,76
40.806,-73.946,76
40.788,-73.944,76
40.794,-73.951,76
40.799,-73.941,75
40.808,-73.966,75
40.715,-73.981,75
40.732,-74.0,75
40.809,-73.951,75
40.785,-73.946,75
40.816,-73.937,75
40.815,-73.944,75
40.77,-73.949,74
40.801,-73.962,74
40.798,-73.964,74
40.768,-73.97,74
40.809,-73.954,74
40.725,-74.001,73
40.812,-73.96,73
40.723,-74.0,73
40.746,-73.998,73
40.809,-73.94,73
40.731,-73.997,73
40.724,-73.976,73
40.721,-73.98,72
40.744,-74.001,72
40.792,-73.969,72
40.767,-73.964,72
40.8,-73.944,72
40.767,-73.988,72
40.772,-73.966,72
40.743,-73.972,72
40.799,-73.936,71
40.718,-73.999,71
40.783,-73.946,71
40.78,-73.987,71
40.763,-73.995,71
40.778,-73.944,71
40.751,-73.995,71
40.81,-73.952,71
40.792,-73.941,71
40.771,-73.965,71
40.782,-73.957,70
40.718,-73.988,70
40.748,-73.972,70
40.807,-73.946,70
40.8,-73.963,70
40.766,-73.994,70
40.808,-73.943,70
40.799,-73.942,70
40.723,-73.976,70
40.733,-73.978,70
40.788,-73.947,70
40.767,-73.952,70
40.807,-73.966,70
40.799,-73.973,69
40.791,-73.967,69
40.803,-73.95,69
40.763,-73.971,69
40.717,-73.983,69
40.729,-73.992,69
40.754,-73.963,69
40.765,-73.989,69
40.722,-73.979,69
40.803,-73.963,69
40.754,-73.99,69
40.791,-73.971,69
40.807,-73.948,69
40.715,-73.994,69
40.715,-73.983,68
40.725,-73.985,68
40.803,-73.955,68
40.713,-73.992,68
40.759,-74.0,68
40.793,-73.941,68
40.768,-73.991,67
40.732,-74.001,67
40.717,-73.984,67
40.776,-73.965,67
40.736,-73.98,67
40.717,-73.997,67
40.798,-73.94,67
40.813,-73.956,67
40.811,-73.943,67
40.805,-73.949,67
40.729,-73.983,66
40.774,-73.979,66
40.813,-73.962,66
40.799,-73.964,66
40.803,-73.949,66
40.808,-73.955,66
40.781,-73.944,66
40.813,-73.939,66
40.813,-73.96,65
40.798,-73.949,65
40.764,-73.947,65
40.796,-73.948,65
40.765,-73.952,65
40.772,-73.964,65
40.796,-73.933,65
40.769,-73.969,65
40.797,-73.963,65
40.714,-73.989,65
40.813,-73.937,65
40.767,-73.981,64
40.79,-73.942,64
40.813,-73.94,64
40.743,-73.976,64
40.765,-73.948,64
40.813,-73.941,64
40.804,-73.957,64
40.816,-73.946,64
40.8,-73.945,64
40.814,-73.944,63
40.765,-73.956,63
40.804,-73.958,63
40.747,-73.996,63
40.724,-73.981,63
40.81,-73.943,63
40.797,-73.938,62
40.814,-73.959,62
40.714,-73.987,62
40.786,-73.948,62
40.739,-73.979,62
40.784,-73.943,62
40.813,-73.938,62
40.812,-73.94,62
40.761,-73.965,62
40.765,-73.953,62
40.748,-73.997,62
40.793,-73.945,62
40.714,-73.986,62
40.805,-73.951,61
40.729,-73.991,61
40.736,-74.0,61
40.818,-73.942,61
40.801,-73.959,61
40.712,-73.994,61
40.733,-73.983,61
40.745,-73.974,61
40.784,-73.945,61
40.808,-73.952,61
40.728,-73.976,61
40.804,-73.953,61
40.812,-73.957,61
40.791,-73.98,61
40.786,-73.942,60
40.804,-73.969,60
40.743,-74.001,60
40.722,-73.977,60
40.786,-73.974,60
40.809,-73.953,60
40.801,-73.952,60
40.714,-73.998,60
40.814,-73.952,60
40.817,-73.939,59
40.808,-73.939,59
40.789,-73.953,59
40.769,-73.97,59
40.818,-73.943,59
40.795,-73.95,59
40.8,-73.94,59
40.804,-73.95,59
40.801,-73.953,58
40.733,-74.001,58
40.716,-73.981,58
40.796,-73.944,58
40.72,-73.978,58
40.796,-73.935,58
40.807,-73.942,58
40.724,-73.977,58
40.8,-73.941,58
40.722,-74.001,58
40.769,-73.964,58
40.737,-73.975,58
40.745,-74.001,58
40.791,-73.939,58
40.798,-73.951,58
40.803,-73.958,58
40.742,-73.974,58
40.813,-73.958,58
40.715,-73.999,57
40.781,-73.973,57
40.718,-73.989,57
40.725,-73.976,57
40.811,-73.94,57
40.713,-73.995,57
40.715,-73.984,57
40.776,-73.945,57
40.783,-73.972,57
40.816,-73.959,57
40.816,-73.958,57
40.747,-73.998,56
40.81,-73.948,56
40.802,-73.958,56
40.73,-73.991,56
40.714,-73.991,56
40.807,-73.95,56
40.771,-73.991,56
40.713,-73.997,56
40.807,-73.947,56
40.805,-73.947,55
40.817,-73.944,55
40.793,-73.94,55
40.747,-74.0,55
40.815,-73.936,55
40.801,-73.947,55
40.794,-73.949,55
40.803,-73.951,55
40.794,-73.943,55
40.773,-73.945,55
40.808,-73.95,55
40.739,-73.977,55
40.8,-73.957,55
40.773,-73.967,55
40.787,-73.948,55
40.814,-73.937,55
40.768,-73.996,54
40.79,-73.967,54
40.764,-73.955,54
40.812,-73.959,54
40.711,-73.987,54
40.774,-73.987,54
40.792,-73.937,54
40.798,-73.941,54
40.806,-73.95,54
40.712,-73.993,54
40.81,-73.942,54
40.74,-73.976,54
40.749,-73.969,54
40.731,-74.001,54
40.792,-73.97,54
40.807,-73.939,54
40.753,-73.997,53
40.799,-73.943,53
40.712,-73.995,53
40.724,-73.987,53
40.805,-73.937,53
40.77,-73.99,53
40.777,-73.964,53
40.744,-73.972,53
40.768,-73.964,53
40.796,-73.936,53
40.73,-73.996,53
40.807,-73.943,53
40.806,-73.949,53
40.795,-73.942,53
40.81,-73.96,53
40.811,-73.963,53
40.776,-73.963,53
40.725,-73.986,53
40.782,-73.985,52
40.793,-73.964,52
40.717,-74.0,52
40.73,-73.997,52
40.792,-73.939,52
40.747,-73.999,52
40.772,-73.946,52
40.817,-73.946,52
40.811,-73.964,52
40.774,-73.931,52
40.779,-73.946,52
40.817,-73.945,52
40.787,-73.969,52
40.775,-73.986,52
40.755,-73.998,52
40.809,-73.943,52
40.808,-73.944,52
40.712,-73.999,51
40.802,-73.954,51
40.796,-73.949,51
40.749,-73.997,51
40.801,-73.955,51
40.8,-73.952,51
40.741,-73.975,51
40.784,-73.975,51
40.816,-73.938,51
40.735,-73.982,51
40.714,-73.997,51
40.782,-73.973,51
40.81,-73.947,51
40.778,-73.962,51
40.748,-73.97,51
40.806,-73.943,51
40.813,-73.953,51
40.813,-73.944,51
40.812,-73.938,50
40.806,-73.955,50
40.72,-73.982,50
40.759,-73.96,50
40.799,-73.938,50
40.798,-73.965,50
40.772,-73.962,50
40.713,-73.989,50
40.814,-73.945,50
40.817,-73.96,50
40.805,-73.952,50
40.763,-73.997,50
40.749,-74.0,50
40.803,-73.946,49
40.8,-73.964,49
40.814,-73.941,49
40.79,-73.95,49
40.815,-73.949,49
40.797,-73.962,49
40.785,-73.983,49
40.812,-73.943,49
40.796,-73.967,49
40.713,-73.998,49
40.714,-73.995,48
40.807,-73.957,48
40.812,-73.945,48
40.815,-73.942,48
40.768,-73.965,48
40.802,-73.953,48
40.803,-73.934,48
40.811,-73.944,48
40.719,-74.001,48
40.81,-73.951,48
40.769,-73.966,48
40.803,-73.936,48
40.713,-73.994,47
40.787,-73.942,47
40.809,-73.944,47
40.788,-73.948,47
40.806,-73.957,47
40.808,-73.929,47
40.791,-73.946,47
40.806,-73.963,47
40.741,-73.977,47
40.785,-73.958,47
40.809,-73.941,47
40.755,-73.996,46
40.812,-73.962,46
40.802,-73.935,46
40.798,-73.937,46
40.813,-73.952,46
40.772,-73.987,46
40.8,-73.938,46
40.769,-73.996,46
40.724,-73.986,46
40.794,-73.944,46
40.755,-74.0,46
40.729,-73.993,46
40.79,-73.952,46
40.778,-73.974,46
40.807,-73.941,46
40.814,-73.953,46
40.775,-73.987,46
40.757,-73.995,46
40.718,-73.984,45
40.802,-73.956,45
40.771,-73.967,45
40.812,-73.953,45
40.799,-73.94,45
40.806,-73.938,45
40.814,-73.951,45
40.79,-73.954,45
40.802,-73.944,45
40.805,-73.941,45
40.717,-73.992,44
40.812,-73.942,44
40.762,-74.001,44
40.808,-73.942,44
40.811,-73.946,44
40.812,-73.958,44
40.81,-73.957,44
40.764,-73.957,44
40.816,-73.935,44
40.734,-73.979,44
40.807,-73.949,44
40.752,-73.998,44
40.811,-73.954,44
40.782,-73.945,44
40.801,-73.938,44
40.811,-73.95,44
40.734,-74.001,43
40.713,-73.996,43
40.806,-73.942,43
40.792,-73.938,43
40.796,-73.976,43
40.788,-73.972,43
40.811,-73.961,43
40.811,-73.942,43
40.758,-73.96,43
40.81,-73.962,43
40.818,-73.945,43
40.805,-73.958,43
40.792,-73.94,43
40.794,-73.942,43
40.789,-73.943,43
40.769,-73.992,43
40.817,-73.943,42
40.815,-73.958,42
40.734,-73.976,42
40.807,-73.952,42
40.747,-73.995,42
40.772,-73.991,42
40.816,-73.939,42
40.779,-73.959,42
40.797,-73.937,42
40.76,-73.998,42
40.798,-73.948,42
40.807,-73.951,42
40.812,-73.939,42
40.809,-73.946,41
40.815,-73.937,41
40.816,-73.936,41
40.81,-73.953,41
40.796,-73.966,41
40.717,-73.985,41
40.794,-73.945,41
40.814,-73.956,41
40.799,-73.939,41
40.788,-73.941,41
40.789,-73.947,40
40.797,-73.969,40
40.802,-73.955,40
40.776,-73.989,40
40.784,-73.959,40
40.785,-73.943,40
40.772,-73.98,39
40.728,-74.001,39
40.817,-73.953,39
40.716,-73.994,39
40.796,-73.963,39
40.717,-73.993,39
40.816,-73.94,39
40.789,-73.954,39
40.716,-73.989,39
40.721,-74.001,39
40.796,-73.934,39
40.79,-73.971,39
40.805,-73.953,38
40.8,-73.939,38
40.791,-73.94,38
40.796,-73.946,38
40.787,-73.957,38
40.809,-73.949,38
40.772,-73.988,38
40.797,-73.939,38
40.716,-73.993,38
40.81,-73.955,38
40.797,-73.95,38
40.817,-73.941,38
40.816,-73.944,38
40.791,-73.951,38
40.795,-73.932,38
40.752,-73.999,37
40.762,-73.997,37
40.789,-73.942,37
40.813,-73.942,37
40.768,-73.98,37
40.816,-73.941,37
40.805,-73.96,37
40.714,-73.985,37
40.803,-73.954,37
40.801,-73.951,37
40.777,-73.99,37
40.803,-73.939,37
40.816,-73.947,37
40.791,-73.948,37
40.798,-73.934,37
40.793,-73.939,37
40.794,-73.965,37
40.738,-74.001,37
40.763,-73.954,36
40.723,-73.992,36
40.81,-73.94,36
40.713,-73.991,36
40.764,-73.99,36
40.813,-73.945,36
40.782,-73.95,36
40.797,-73.932,36
40.8,-73.951,36
40.716,-73.98,36
40.802,-73.951,36
40.729,-73.975,36
40.738,-73.978,36
40.799,-73.952,36
40.795,-73.939,36
40.787,-73.949,35
40.732,-73.976,35
40.813,-73.943,35
40.715,-73.995,35
40.795,-73.951,35
40.796,-73.961,35
40.808,-73.954,35
40.78,-73.973,35
40.789,-73.966,35
40.798,-73.939,35
40.791,-73.943,35
40.789,-73.941,35
40.782,-73.944,35
40.711,-73.985,35
40.79,-73.946,35
40.805,-73.945,34
40.767,-73.991,34
40.799,-73.954,34
40.719,-73.982,34
40.799,-73.965,34
40.798,-73.942,34
40.809,-73.939,34
40.715,-73.979,34
40.807,-73.96,34
40.799,-73.944,34
40.8,-73.946,34
40.81,-73.963,34
40.724,-74.001,34
40.799,-73.934,34
40.809,-73.938,34
40.784,-73.958,34
40.763,-73.948,34
40.797,-73.947,33
40.722,-73.978,33
40.817,-73.936,33
40.793,-73.952,33
40.818,-73.946,33
40.714,-73.996,33
40.777,-73.988,33
40.776,-73.959,33
40.816,-73.945,33
40.796,-73.965,33
40.778,-73.988,33
40.797,-73.964,33
40.795,-73.934,33
40.716,-73.999,33
40.79,-73.941,33
40.762,-73.999,33
40.815,-73.948,33
40.765,-73.957,33
40.795,-73.945,32
40.766,-73.951,32
40.806,-73.948,32
40.723,-73.978,32
40.811,-73.951,32
40.795,-73.949,32
40.8,-73.943,32
40.713,-73.999,32
40.812,-73.955,32
40.817,-73.957,32
40.728,-73.992,32
40.714,-73.981,32
40.717,-73.982,32
40.816,-73.954,32
40.818,-73.954,32
40.786,-73.944,32
40.717,-73.98,32
40.814,-73.95,32
40.811,-73.945,32
40.749,-73.999,32
40.798,-73.952,32
40.71,-73.996,31
40.785,-73.957,31
40.818,-73.941,31
40.781,-73.986,31
40.792,-73.944,31
40.753,-73.998,31
40.809,-73.942,31
40.782,-73.963,31
40.796,-73.975,31
40.725,-73.975,31
40.774,-73.99,31
40.805,-73.936,31
40.813,-73.951,30
40.801,-73.957,30
40.796,-73.932,30
40.797,-73.935,30
40.783,-73.96,30
40.794,-73.952,30
40.801,-73.964,30
40.712,-74.0,30
40.785,-73.968,30
40.762,-73.949,30
40.714,-73.982,30
40.798,-73.974,30
40.716,-73.997,30
40.769,-73.99,30
40.793,-73.948,29
40.795,-73.936,29
40.799,-73.935,29
40.814,-73.935,29
40.811,-73.953,29
40.711,-73.99,29
40.791,-73.954,29
40.711,-73.984,29
40.801,-73.942,29
40.774,-73.985,29
40.717,-73.981,29
40.712,-73.997,29
40.802,-73.937,29
40.802,-73.952,29
40.792,-73.945,29
40.719,-73.984,29
40.795,-73.965,29
40.775,-73.929,29
40.794,-73.934,29
40.766,-73.995,29
40.76,-73.951,28
40.752,-73.996,28
40.751,-73.996,28
40.769,-73.974,28
40.81,-73.954,28
40.803,-73.947,28
40.778,-73.96,28
40.797,-73.933,28
40.8,-73.958,28
40.816,-73.942,28
40.818,-73.939,28
40.715,-73.998,28
40.739,-73.974,28
40.814,-73.948,28
40.726,-73.982,28
40.799,-73.937,28
40.718,-74.001,28
40.806,-73.951,28
40.77,-73.975,27
40.795,-73.948,27
40.806,-73.958,27
40.807,-73.959,27
40.778,-73.943,27
40.809,-73.948,27
40.769,-73.993,27
40.799,-73.951,27
40.799,-73.945,27
40.757,-74.0,27
40.773,-73.986,27
40.769,-73.973,27
40.795,-73.968,27
40.815,-73.952,27
40.814,-73.936,27
40.712,-73.996,27
40.794,-73.935,27
40.818,-73.953,26
40.817,-73.942,26
40.81,-73.945,26
40.812,-73.954,26
40.712,-73.992,26
40.806,-73.968,26
40.724,-73.974,26
40.802,-73.942,26
40.716,-74.0,26
40.774,-73.93,26
40.789,-73.944,26
40.77,-73.995,26
40.765,-73.998,26
40.795,-73.946,26
40.798,-73.953,26
40.766,-73.993,26
40.811,-73.941,26
40.757,-73.999,26
40.809,-73.947,26
40.786,-73.975,26
40.808,-73.956,26
40.8,-73.933,25
40.806,-73.952,25
40.774,-73.932,25
40.781,-73.972,25
40.803,-73.938,25
40.815,-73.953,25
40.802,-73.946,25
40.797,-73.934,25
40.804,-73.935,25
40.716,-73.979,25
40.712,-73.998,25
40.804,-73.936,25
40.793,-73.951,25
40.762,-73.998,24
40.767,-73.977,24
40.818,-73.947,24
40.787,-73.941,24
40.789,-73.94,24
40.715,-73.976,24
40.799,-73.966,24
40.789,-73.968,24
40.711,-74.0,24
40.815,-73.94,24
40.711,-73.989,24
40.808,-73.948,24
40.754,-74.0,24
40.81,-73.941,24
40.814,-73.94,24
40.781,-73.987,24
40.767,-73.995,24
40.801,-73.95,24
40.752,-73.966,24
40.794,-73.977,24
40.8,-73.942,24
40.8,-73.936,23
40.789,-73.952,23
40.799,-73.948,23
40.727,-73.976,23
40.806,-73.941,23
40.71,-73.992,23
40.817,-73.948,23
40.815,-73.946,23
40.757,-73.996,23
40.715,-73.977,23
40.801,-73.937,23
40.812,-73.937,23
40.783,-73.985,23
40.772,-73.985,23
40.713,-73.971,23
40.775,-73.928,23
40.805,-73.94,23
40.765,-73.954,23
40.733,-73.979,23
40.742,-73.988,23
40.804,-73.942,23
40.801,-73.943,22
40.79,-73.959,22
40.803,-73.94,22
40.798,-73.933,22
40.791,-73.949,22
40.807,-73.944,22
40.814,-73.946,22
40.759,-73.997,22
40.779,-73.963,22
40.771,-73.985,22
40.715,-73.978,22
40.811,-73.939,22
40.808,-73.946,22
40.792,-73.979,22
40.734,-73.985,22
40.788,-73.939,22
40.79,-73.972,22
40.815,-73.941,22
40.71,-74.001,21
40.719,-73.979,21
40.795,-73.935,21
40.795,-73.94,21
40.711,-73.982,21
40.786,-73.946,21
40.722,-73.976,21
40.778,-73.987,21
40.767,-73.996,21
40.719,-73.977,21
40.75,-73.968,21
40.767,-73.97,21
40.768,-73.971,21
40.771,-73.976,21
40.791,-73.944,21
40.818,-73.944,21
40.801,-73.949,21
40.759,-73.959,21
40.81,-73.961,21
40.711,-73.983,20
40.795,-73.943,20
40.764,-73.999,20
40.809,-73.937,20
40.797,-73.931,20
40.802,-73.96,20
40.816,-73.957,20
40.785,-73.944,20
40.81,-73.95,20
40.788,-73.95,20
40.743,-73.975,20
40.791,-73.938,20
40.81,-73.946,20
40.789,-73.956,20
40.72,-73.975,20
40.809,-73.956,20
40.801,-73.935,19
40.723,-74.001,19
40.711,-73.995,19
40.738,-73.979,19
40.787,-73.945,19
40.774,-73.929,19
40.713,-73.988,19
40.783,-73.964,19
40.716,-73.978,19
40.714,-73.974,19
40.72,-73.98,19
40.788,-73.952,19
40.793,-73.95,19
40.719,-73.976,19
40.818,-73.948,18
40.808,-73.961,18
40.806,-73.959,18
40.81,-73.939,18
40.797,-73.943,18
40.817,-73.952,18
40.811,-73.957,18
40.785,-73.941,18
40.81,-73.938,18
40.812,-73.95,18
40.767,-73.951,18
40.768,-73.997,18
40.818,-73.961,18
40.713,-73.977,18
40.711,-73.994,18
40.722,-73.975,18
40.764,-73.997,17
40.792,-73.952,17
40.751,-73.999,17
40.803,-73.935,17
40.765,-73.997,17
40.801,-73.929,17
40.733,-73.974,17
40.789,-73.939,17
40.809,-73.931,17
40.814,-73.957,17
40.794,-73.939,17
40.786,-73.94,17
40.772,-73.968,17
40.766,-73.997,17
40.749,-73.998,17
40.713,-73.987,17
40.716,-73.982,17
40.808,-73.94,17
40.789,-73.95,16
40.811,-73.947,16
40.817,-73.938,16
40.728,-73.978,16
40.808,-73.937,16
40.815,-73.955,16
40.779,-73.944,16
40.768,-73.95,16
40.793,-73.949,16
40.818,-73.955,16
40.796,-73.937,16
40.766,-73.974,16
40.791,-73.961,16
40.773,-73.929,16
40.726,-73.974,16
40.738,-73.977,16
40.796,-73.938,16
40.801,-73.94,16
40.769,-73.995,16
40.711,-73.992,16
40.797,-73.94,16
40.788,-73.945,16
40.798,-73.944,15
40.714,-73.978,15
40.713,-73.985,15
40.712,-73.978,15
40.804,-73.938,15
40.804,-73.945,15
40.802,-73.948,15
40.798,-73.938,15
40.808,-73.947,15
40.768,-73.952,15
40.813,-73.949,15
40.813,-73.955,15
40.71,-73.99,15
40.818,-73.936,15
40.793,-73.944,15
40.789,-73.938,15
40.79,-73.981,15
40.81,-73.937,15
40.807,-73.934,15
40.817,-73.954,15
40.79,-73.944,15
40.809,-73.936,15
40.716,-73.984,15
40.803,-73.97,14
40.803,-73.959,14
40.812,-73.946,14
40.796,-73.947,14
40.793,-73.947,14
40.797,-73.945,14
40.716,-73.976,14
40.815,-73.938,14
40.813,-73.935,14
40.769,-73.971,14
40.797,-73.936,14
40.714,-73.973,14
40.713,-73.982,14
40.784,-73.942,14
40.716,-73.985,14
40.763,-73.955,14
40.766,-73.973,14
40.781,-73.945,14
40.719,-73.975,14
40.764,-73.998,14
40.714,-73.972,13
40.794,-73.938,13
40.799,-73.946,13
40.802,-73.931,13
40.717,-73.988,13
40.752,-73.997,13
40.815,-73.947,13
40.759,-73.999,13
40.796,-73.939,13
40.768,-73.979,13
40.813,-73.946,13
40.709,-73.996,13
40.756,-73.999,13
40.799,-73.955,13
40.805,-73.942,13
40.798,-73.95,13
40.713,-73.984,13
40.721,-73.975,13
40.797,-73.965,13
40.771,-73.977,13
40.813,-73.947,13
40.761,-73.956,13
40.74,-73.974,13
40.777,-73.984,13
40.794,-73.931,13
40.77,-73.994,13
40.818,-73.94,13
40.803,-73.944,13
40.801,-73.931,12
40.74,-73.977,12
40.791,-73.95,12
40.792,-73.949,12
40.791,-73.962,12
40.815,-73.957,12
40.816,-73.953,12
40.807,-73.938,12
40.726,-73.976,12
40.751,-74.0,12
40.717,-73.978,12
40.789,-73.946,12
40.773,-73.983,12
40.789,-73.957,12
40.759,-73.998,12
40.802,-73.932,12
40.792,-73.935,12
40.789,-73.951,12
40.801,-73.945,12
40.812,-73.935,12
40.79,-73.937,12
40.788,-73.938,11
40.775,-73.935,11
40.77,-73.989,11
40.771,-73.993,11
40.814,-73.943,11
40.793,-73.938,11
40.792,-73.951,11
40.816,-73.948,11
40.802,-73.933,11
40.765,-73.999,11
40.807,-73.937,11
40.767,-73.975,11
40.768,-73.951,11
40.712,-73.985,11
40.79,-73.955,11
40.771,-73.979,11
40.797,-73.929,11
40.804,-73.94,11
40.811,-73.935,11
40.756,-74.0,11
40.792,-73.962,11
40.79,-73.953,11
40.795,-73.941,11
40.768,-73.978,11
40.798,-73.929,10
40.795,-73.93,10
40.763,-74.0,10
40.71,-73.988,10
40.814,-73.955,10
40.803,-73.948,10
40.718,-73.978,10
40.74,-73.973,10
40.778,-73.965,10
40.788,-73.951,10
40.815,-73.945,10
40.818,-73.937,10
40.76,-74.0,10
40.814,-73.949,10
40.711,-74.001,10
40.803,-73.941,10
40.763,-73.999,10
40.79,-73.947,10
40.794,-73.937,10
40.795,-73.977,10
40.723,-73.974,10
40.74,-73.978,10
40.796,-73.945,10
40.771,-73.994,10
40.813,-73.95,10
40.81,-73.936,10
40.797,-73.946,9
40.801,-73.93,9
40.814,-73.942,9
40.752,-74.0,9
40.715,-73.975,9
40.808,-73.938,9
40.747,-73.97,9
40.816,-73.949,9
40.811,-73.965,9
40.718,-73.975,9
40.769,-73.98,9
40.816,-73.928,9
40.753,-73.964,9
40.792,-73.942,9
40.711,-73.996,9
40.796,-73.964,9
40.709,-74.0,9
40.764,-73.949,9
40.726,-73.972,9
40.713,-73.972,9
40.809,-73.929,9
40.808,-73.931,9
40.775,-73.976,9
40.772,-73.984,9
40.722,-73.991,9
40.712,-73.981,9
40.785,-73.942,9
40.781,-73.962,9
40.798,-73.936,9
40.801,-73.941,9
40.786,-73.968,9
40.791,-73.945,9
40.71,-73.985,9
40.807,-73.945,9
40.762,-73.955,9
40.717,-73.976,9
40.796,-73.941,9
40.752,-73.965,9
40.778,-73.99,9
40.773,-73.93,8
40.71,-73.987,8
40.771,-73.969,8
40.769,-73.994,8
40.767,-73.95,8
40.793,-73.963,8
40.726,-73.975,8
40.795,-73.947,8
40.715,-74.001,8
40.768,-73.995,8
40.746,-73.97,8
40.797,-73.966,8
40.778,-73.966,8
40.817,-73.935,8
40.769,-73.949,8
40.803,-73.937,8
40.709,-73.995,8
40.798,-73.943,8
40.812,-73.948,8
40.763,-73.95,8
40.741,-73.973,8
40.802,-73.936,8
40.801,-73.939,8
40.799,-73.929,8
40.79,-73.945,8
40.798,-73.946,8
40.794,-73.947,8
40.753,-74.0,8
40.718,-73.977,8
40.712,-73.99,8
40.806,-73.936,8
40.713,-74.0,8
40.803,-73.932,8
40.71,-73.989,8
40.804,-73.939,8
40.71,-73.994,8
40.818,-73.96,8
40.794,-73.95,8
40.817,-73.94,8
40.786,-73.93,8
40.775,-73.933,8
40.71,-73.991,7
40.815,-73.934,7
40.792,-73.936,7
40.713,-73.986,7
40.775,-73.966,7
40.718,-73.982,7
40.793,-73.943,7
40.799,-73.947,7
40.709,-73.997,7
40.769,-73.991,7
40.794,-73.932,7
40.747,-73.969,7
40.815,-73.962,7
40.781,-73.971,7
40.807,-73.936,7
40.784,-73.966,7
40.814,-73.931,7
40.811,-73.937,7
40.712,-73.987,7
40.738,-73.976,7
40.79,-73.96,7
40.773,-73.988,7
40.776,-73.928,7
40.792,-73.948,7
40.811,-73.949,7
40.818,-73.956,7
40.745,-73.967,7
40.787,-73.939,7
40.799,-73.95,7
40.749,-73.967,6
40.792,-73.95,6
40.809,-73.93,6
40.78,-73.97,6
40.732,-73.975,6
40.774,-73.936,6
40.714,-73.975,6
40.79,-74.001,6
40.775,-73.944,6
40.77,-73.974,6
40.808,-73.935,6
40.785,-73.94,6
40.797,-73.96,6
40.79,-73.939,6
40.711,-73.986,6
40.767,-73.976,6
40.785,-73.967,6
40.727,-73.972,6
40.774,-73.937,6
40.816,-73.955,6
40.773,-73.928,6
40.718,-73.981,6
40.791,-73.936,6
40.812,-73.947,6
40.803,-73.962,6
40.725,-73.974,6
40.771,-73.995,6
40.711,-73.993,6
40.794,-73.936,6
40.728,-73.977,6
40.74,-73.975,6
40.748,-73.999,6
40.71,-73.995,6
40.775,-73.992,6
40.711,-73.997,6
40.711,-73.981,6
40.71,-73.993,6
40.713,-73.983,6
40.774,-73.933,6
40.8,-73.95,6
40.753,-73.999,6
40.811,-73.938,6
40.727,-73.982,6
40.798,-73.932,6
40.788,-73.94,6
40.786,-73.985,6
40.804,-73.931,6
40.783,-73.929,5
40.73,-73.974,5
40.784,-73.93,5
40.791,-73.941,5
40.8,-73.948,5
40.785,-73.945,5
40.738,-73.975,5
40.757,-73.96,5
40.801,-73.928,5
40.763,-73.998,5
40.775,-73.934,5
40.796,-73.968,5
40.776,-73.991,5
40.768,-73.949,5
40.71,-73.997,5
40.786,-73.958,5
40.813,-73.954,5
40.786,-73.945,5
40.813,-73.936,5
40.819,-73.943,5
40.817,-73.958,5
40.736,-73.974,5
40.737,-73.977,5
40.712,-73.98,5
40.798,-73.931,5
40.8,-73.93,5
40.784,-73.967,5
40.799,-73.933,5
40.808,-73.934,5
40.804,-73.933,5
40.717,-73.986,5
40.804,-73.934,5
40.772,-73.977,5
40.801,-73.932,5
40.809,-73.935,5
40.788,-73.942,5
40.819,-73.94,5
40.796,-73.93,5
40.755,-74.001,5
40.8,-73.937,5
40.742,-73.973,5
40.769,-73.979,4
40.805,-73.961,4
40.817,-73.959,4
40.801,-73.972,4
40.769,-73.972,4
40.803,-73.942,4
40.801,-73.963,4
40.787,-73.947,4
40.803,-73.961,4
40.774,-73.986,4
40.736,-73.973,4
40.773,-73.991,4
40.797,-73.967,4
40.8,-73.928,4
40.815,-73.95,4
40.729,-73.974,4
40.764,-73.953,4
40.714,-73.983,4
40.801,-73.936,4
40.815,-73.939,4
40.711,-73.998,4
40.786,-73.941,4
40.746,-73.969,4
40.776,-73.943,4
40.812,-73.964,4
40.807,-73.958,4
40.796,-73.929,4
40.759,-74.001,4
40.745,-73.968,4
40.727,-73.975,4
40.73,-73.972,4
40.768,-73.974,4
40.808,-73.93,4
40.776,-73.935,4
40.8,-73.935,4
40.714,-74.001,4
40.773,-73.977,4
40.796,-73.931,4
40.795,-73.931,4
40.775,-73.937,4
40.787,-73.944,4
40.763,-73.945,4
40.811,-73.956,4
40.756,-74.001,4
40.812,-73.963,4
40.769,-73.977,4
40.81,-73.935,4
40.751,-73.966,4
40.734,-73.974,4
40.8,-73.931,4
40.71,-73.986,4
40.797,-73.948,4
40.768,-73.977,4
40.762,-73.956,4
40.777,-73.935,4
40.773,-73.987,4
40.724,-73.975,4
40.817,-73.928,4
40.787,-73.946,4
40.75,-73.967,4
40.715,-73.986,4
40.818,-73.957,4
40.767,-73.972,4
40.744,-73.971,4
40.786,-73.947,4
40.805,-73.932,4
40.761,-74.001,4
40.776,-73.934,4
40.815,-73.929,4
40.818,-73.951,3
40.757,-74.001,3
40.806,-73.944,3
40.779,-73.968,3
40.712,-73.986,3
40.79,-73.982,3
40.785,-73.93,3
40.779,-73.943,3
40.715,-73.996,3
40.768,-73.976,3
40.773,-73.985,3
40.76,-73.957,3
40.813,-73.963,3
40.709,-73.994,3
40.808,-73.957,3
40.795,-73.937,3
40.766,-73.996,3
40.71,-74.0,3
40.787,-73.938,3
40.81,-73.949,3
40.776,-73.933,3
40.814,-73.929,3
40.717,-73.975,3
40.768,-73.994,3
40.745,-73.97,3
40.791,-73.937,3
40.712,-73.984,3
40.79,-73.957,3
40.768,-73.975,3
40.709,-73.998,3
40.81,-73.929,3
40.799,-73.93,3
40.767,-73.974,3
40.772,-73.994,3
40.713,-73.981,3
40.718,-73.979,3
40.804,-73.941,3
40.72,-73.976,3
40.786,-73.984,3
40.719,-73.98,3
40.72,-73.981,3
40.796,-73.94,3
40.79,-74.0,3
40.748,-73.969,3
40.815,-73.956,3
40.759,-73.953,3
40.79,-73.951,3
40.819,-73.939,3
40.775,-73.936,3
40.81,-73.966,3
40.814,-73.939,3
40.752,-74.001,3
40.81,-73.956,3
40.729,-73.972,3
40.777,-73.928,3
40.773,-73.934,3
40.805,-73.934,3
40.719,-73.978,3
40.815,-73.951,3
40.811,-73.955,3
40.782,-73.928,3
40.71,-73.998,3
40.797,-73.941,3
40.764,-73.946,3
40.726,-73.973,3
40.712,-73.982,3
40.731,-73.998,3
40.765,-73.946,3
40.793,-73.934,3
40.793,-73.933,3
40.815,-73.935,3
40.808,-73.963,3
40.786,-73.939,3
40.81,-73.928,3
40.78,-73.971,3
40.8,-73.932,3
40.747,-73.966,3
40.739,-73.976,3
40.717,-74.001,3
40.787,-73.929,3
40.778,-73.964,3
40.77,-73.996,3
40.779,-73.969,2
40.748,-73.967,2
40.804,-73.96,2
40.712,-73.991,2
40.748,-73.998,2
40.709,-73.999,2
40.809,-73.962,2
40.769,-73.978,2
40.813,-73.932,2
40.775,-73.931,2
40.754,-73.962,2
40.808,-73.936,2
40.795,-73.938,2
40.802,-73.971,2
40.815,-73.931,2
40.797,-73.942,2
40.789,-74.0,2
40.774,-73.944,2
40.803,-73.943,2
40.773,-73.984,2
40.79,-73.929,2
40.796,-73.942,2
40.815,-73.963,2
40.713,-73.979,2
40.744,-73.966,2
40.732,-73.979,2
40.777,-73.942,2
40.744,-73.968,2
40.782,-73.961,2
40.788,-73.96,2
40.791,-73.96,2
40.79,-73.964,2
40.777,-73.934,2
40.811,-73.932,2
40.807,-73.929,2
40.804,-73.932,2
40.767,-73.945,2
40.763,-73.946,2
40.782,-73.974,2
40.745,-73.964,2
40.787,-74.0,2
40.785,-73.984,2
40.813,-73.931,2
40.712,-74.001,2
40.81,-73.93,2
40.77,-73.978,2
40.774,-73.991,2
40.77,-73.993,2
40.809,-73.928,2
40.775,-73.932,2
40.724,-73.973,2
40.817,-73.931,2
40.779,-73.97,2
40.817,-73.934,2
40.759,-73.958,2
40.802,-73.941,2
40.794,-73.946,2
40.779,-73.973,2
40.77,-73.97,2
40.801,-73.934,2
40.768,-73.973,2
40.749,-74.001,2
40.814,-73.932,2
40.819,-73.944,2
40.799,-73.974,2
40.819,-73.941,2
40.801,-73.933,2
40.717,-73.987,2
40.761,-73.949,2
40.769,-73.975,2
40.714,-73.971,2
40.747,-73.967,2
40.782,-73.929,2
40.781,-73.974,2
40.751,-73.965,2
40.725,-73.973,2
40.802,-73.947,2
40.739,-73.975,2
40.808,-73.932,2
40.763,-73.951,2
40.814,-73.93,2
40.798,-73.976,2
40.781,-73.975,2
40.774,-73.974,2
40.816,-73.934,2
40.717,-73.979,2
40.78,-73.989,2
40.737,-73.976,2
40.712,-73.988,2
40.73,-73.977,2
40.793,-73.937,2
40.771,-73.978,2
40.797,-73.93,2
40.807,-73.933,2
40.738,-73.972,2
40.807,-73.968,2
40.775,-73.942,2
40.806,-73.933,2
40.811,-73.931,2
40.789,-73.999,2
40.807,-73.93,2
40.718,-73.976,2
40.784,-73.965,2
40.812,-73.929,2
40.776,-73.942,2
40.794,-73.948,2
40.798,-73.947,2
40.745,-73.962,2
40.819,-73.942,2
40.783,-73.963,2
40.778,-73.967,2
40.814,-73.934,2
40.811,-73.928,1
40.785,-73.961,1
40.76,-73.956,1
40.766,-74.0,1
40.75,-74.001,1
40.769,-73.976,1
40.812,-73.93,1
40.762,-73.952,1
40.771,-73.946,1
40.765,-74.0,1
40.793,-73.936,1
40.709,-73.991,1
40.789,-73.982,1
40.768,-74.0,1
40.71,-73.976,1
40.761,-73.955,1
40.819,-73.945,1
40.743,-73.971,1
40.772,-73.945,1
40.807,-73.97,1
40.803,-73.96,1
40.713,-73.98,1
40.77,-73.971,1
40.816,-73.981,1
40.809,-73.968,1
40.712,-73.979,1
40.797,-73.984,1
40.782,-73.934,1
40.798,-73.93,1
40.781,-73.988,1
40.763,-73.953,1
40.772,-73.998,1
40.792,-73.931,1
40.765,-73.95,1
40.752,-73.961,1
40.74,-73.971,1
40.776,-73.972,1
40.805,-73.971,1
40.779,-73.99,1
40.711,-73.98,1
40.817,-73.955,1
40.818,-73.95,1
40.791,-73.982,1
40.794,-73.979,1
40.784,-73.964,1
40.79,-73.965,1
40.769,-73.997,1
40.723,-73.975,1
40.774,-73.943,1
40.775,-73.943,1
40.775,-73.971,1
40.816,-73.93,1
40.737,-73.972,1
40.808,-73.928,1
40.782,-73.987,1
40.793,-73.953,1
40.804,-73.972,1
40.71,-73.982,1
40.784,-73.986,1
40.786,-73.934,1
40.788,-73.929,1
40.808,-73.969,1
40.773,-73.976,1
40.773,-73.993,1
40.81,-73.932,1
40.804,-73.961,1
40.756,-73.019,1
40.812,-73.949,1
40.789,-73.936,1
40.797,-73.955,1
40.792,-73.934,1
40.709,-74.001,1
40.783,-73.93,1
40.779,-73.993,1
40.816,-73.95,1
40.79,-73.998,1
40.812,-73.931,1
40.771,-73.97,1
40.728,-73.975,1
40.785,-73.985,1
40.805,-73.931,1
40.741,-73.972,1
40.754,-73.961,1
40.773,-73.932,1
40.804,-73.928,1
40.803,-73.93,1
40.769,-73.945,1
40.797,-73.976,1
40.74,-73.972,1
40.774,-73.993,1
40.73,-73.973,1
40.75,-74.0,1
40.77,-73.947,1
40.817,-73.937,1
40.781,-73.963,1
40.813,-73.934,1
40.763,-73.947,1
40.789,-73.931,1
40.787,-73.961,1
40.777,-73.965,1
40.798,-73.956,1
40.777,-73.991,1
40.753,-73.963,1
40.809,-73.95,1
40.774,-73.975,1
40.764,-74.001,1
40.739,-73.972,1
40.759,-73.951,1
40.805,-73.935,1
40.787,-73.936,1
40.774,-73.992,1
40.787,-73.967,1
40.793,-73.98,1
40.794,-73.933,1
40.72,-73.973,1
40.77,-73.977,1
40.783,-73.986,1
40.772,-73.972,1
40.773,-73.969,1
40.751,-73.967,1
40.802,-73.938,1
40.769,-74.0,1
40.809,-73.961,1
40.798,-73.945,1
40.775,-73.974,1
40.748,-73.966,1
40.783,-73.943,1
40.716,-74.001,1
40.798,-73.957,1
40.806,-73.934,1
40.745,-73.965,1
40.715,-73.988,1
40.715,-73.989,1
40.767,-74.001,1
40.791,-73.955,1
40.785,-73.929,1
40.742,-73.972,1
40.787,-73.959,1
40.732,-73.978,1
40.79,-73.962,1
40.816,-73.964,1
40.791,-73.928,1
40.793,-73.978,1
40.813,-73.93,1
40.751,-74.001,1
40.776,-73.93,1
40.731,-73.973,1
40.773,-73.973,1
40.789,-73.945,1
40.789,-73.937,1
40.777,-73.966,1
40.771,-73.973,1
40.749,-73.968,1
40.774,-73.928,1
40.78,-73.972,1
40.76,-73.954,1
40.768,-73.999,1
40.75,-73.966,1
40.775,-73.975,1
40.711,-73.991,1
40.784,-73.968,1
40.749,-73.966,1
40.746,-73.967,1
40.804,-73.962,1
40.727,-73.974,1
40.735,-73.974,1
40.799,-73.949,1
40.815,-73.971,1
40.802,-73.93,1
40.815,-73.93,1
40.812,-73.928,1
40.748,-73.968,1
40.802,-73.94,1
40.793,-73.935,1
40.778,-73.971,1
40.777,-73.972,1
40.81,-73.983,1
40.787,-73.983,1
40.753,-74.001,1
40.747,-73.968,1
40.762,-73.954,1
40.772,-73.999,1
40.774,-73.97,1
40.816,-73.931,1
40.807,-73.928,1
40.806,-73.969,1
40.755,-73.961,1
40.806,-73.932,1
40.777,-73.993,1
40.797,-73.951,1
40.71,-73.984,1
40.772,-73.976,1
40.806,-73.97,1
40.77,-73.973,1
40.793,-73.942,1
40.774,-73.976,1
40.721,-73.977,1
40.745,-73.963,1
40.797,-73.944,1
40.772,-73.971,1
40.77,-73.979,1
40.775,-73.93,1
40.782,-73.964,1
40.817,-73.949,1
40.779,-73.991,1
40.787,-73.984,1
40.763,-74.001,1
